Algorithm,Imputer,Imbalance,Metric,Score,Set,MainMetric
LogisticRegression,SimpleImputer_mean__SimpleImputer_mode,SMOTE,Train-F-1,97.53,Train,F-1
DecisionTree,SimpleImputer_mean__SimpleImputer_mode,SMOTE,Train-F-1,100.0,Train,F-1
NaiveBayes,SimpleImputer_mean__SimpleImputer_mode,SMOTE,Train-F-1,93.23,Train,F-1
KNN,SimpleImputer_mean__SimpleImputer_mode,SMOTE,Train-F-1,98.27,Train,F-1
SVM,SimpleImputer_mean__SimpleImputer_mode,SMOTE,Train-F-1,98.29,Train,F-1
RandomForest,SimpleImputer_mean__SimpleImputer_mode,SMOTE,Train-F-1,100.0,Train,F-1
GradientBoosting,SimpleImputer_mean__SimpleImputer_mode,SMOTE,Train-F-1,97.96,Train,F-1
Bagging,SimpleImputer_mean__SimpleImputer_mode,SMOTE,Train-F-1,99.85,Train,F-1
XGBoost,SimpleImputer_mean__SimpleImputer_mode,SMOTE,Train-F-1,100.0,Train,F-1
LogisticRegression,SimpleImputer_mean__SimpleImputer_mode,MWMOTE,Train-F-1,97.56,Train,F-1
DecisionTree,SimpleImputer_mean__SimpleImputer_mode,MWMOTE,Train-F-1,100.0,Train,F-1
NaiveBayes,SimpleImputer_mean__SimpleImputer_mode,MWMOTE,Train-F-1,93.17,Train,F-1
KNN,SimpleImputer_mean__SimpleImputer_mode,MWMOTE,Train-F-1,98.33,Train,F-1
SVM,SimpleImputer_mean__SimpleImputer_mode,MWMOTE,Train-F-1,98.46,Train,F-1
RandomForest,SimpleImputer_mean__SimpleImputer_mode,MWMOTE,Train-F-1,100.0,Train,F-1
GradientBoosting,SimpleImputer_mean__SimpleImputer_mode,MWMOTE,Train-F-1,98.04,Train,F-1
Bagging,SimpleImputer_mean__SimpleImputer_mode,MWMOTE,Train-F-1,99.85,Train,F-1
XGBoost,SimpleImputer_mean__SimpleImputer_mode,MWMOTE,Train-F-1,100.0,Train,F-1
LogisticRegression,SimpleImputer_mean__SimpleImputer_mode,ADASYN,Train-F-1,97.47,Train,F-1
DecisionTree,SimpleImputer_mean__SimpleImputer_mode,ADASYN,Train-F-1,100.0,Train,F-1
NaiveBayes,SimpleImputer_mean__SimpleImputer_mode,ADASYN,Train-F-1,93.19,Train,F-1
KNN,SimpleImputer_mean__SimpleImputer_mode,ADASYN,Train-F-1,98.19,Train,F-1
SVM,SimpleImputer_mean__SimpleImputer_mode,ADASYN,Train-F-1,98.32,Train,F-1
RandomForest,SimpleImputer_mean__SimpleImputer_mode,ADASYN,Train-F-1,100.0,Train,F-1
GradientBoosting,SimpleImputer_mean__SimpleImputer_mode,ADASYN,Train-F-1,98.1,Train,F-1
Bagging,SimpleImputer_mean__SimpleImputer_mode,ADASYN,Train-F-1,99.89,Train,F-1
XGBoost,SimpleImputer_mean__SimpleImputer_mode,ADASYN,Train-F-1,100.0,Train,F-1
LogisticRegression,SimpleImputer_mean__SimpleImputer_mode,OriginalData,Train-F-1,94.16,Train,F-1
DecisionTree,SimpleImputer_mean__SimpleImputer_mode,OriginalData,Train-F-1,100.0,Train,F-1
NaiveBayes,SimpleImputer_mean__SimpleImputer_mode,OriginalData,Train-F-1,88.37,Train,F-1
KNN,SimpleImputer_mean__SimpleImputer_mode,OriginalData,Train-F-1,94.35,Train,F-1
SVM,SimpleImputer_mean__SimpleImputer_mode,OriginalData,Train-F-1,94.56,Train,F-1
RandomForest,SimpleImputer_mean__SimpleImputer_mode,OriginalData,Train-F-1,100.0,Train,F-1
GradientBoosting,SimpleImputer_mean__SimpleImputer_mode,OriginalData,Train-F-1,94.38,Train,F-1
Bagging,SimpleImputer_mean__SimpleImputer_mode,OriginalData,Train-F-1,99.63,Train,F-1
XGBoost,SimpleImputer_mean__SimpleImputer_mode,OriginalData,Train-F-1,100.0,Train,F-1
LogisticRegression,SimpleImputer_mean__SimpleImputer_mode,AllKNN,Train-F-1,96.65,Train,F-1
DecisionTree,SimpleImputer_mean__SimpleImputer_mode,AllKNN,Train-F-1,100.0,Train,F-1
NaiveBayes,SimpleImputer_mean__SimpleImputer_mode,AllKNN,Train-F-1,92.39,Train,F-1
KNN,SimpleImputer_mean__SimpleImputer_mode,AllKNN,Train-F-1,96.5,Train,F-1
SVM,SimpleImputer_mean__SimpleImputer_mode,AllKNN,Train-F-1,97.57,Train,F-1
RandomForest,SimpleImputer_mean__SimpleImputer_mode,AllKNN,Train-F-1,100.0,Train,F-1
GradientBoosting,SimpleImputer_mean__SimpleImputer_mode,AllKNN,Train-F-1,97.79,Train,F-1
Bagging,SimpleImputer_mean__SimpleImputer_mode,AllKNN,Train-F-1,99.78,Train,F-1
XGBoost,SimpleImputer_mean__SimpleImputer_mode,AllKNN,Train-F-1,100.0,Train,F-1
LogisticRegression,KNNImptuer__SimpleImputer_mode,SMOTE,Train-F-1,97.45,Train,F-1
DecisionTree,KNNImptuer__SimpleImputer_mode,SMOTE,Train-F-1,100.0,Train,F-1
NaiveBayes,KNNImptuer__SimpleImputer_mode,SMOTE,Train-F-1,93.37,Train,F-1
KNN,KNNImptuer__SimpleImputer_mode,SMOTE,Train-F-1,98.17,Train,F-1
SVM,KNNImptuer__SimpleImputer_mode,SMOTE,Train-F-1,98.34,Train,F-1
RandomForest,KNNImptuer__SimpleImputer_mode,SMOTE,Train-F-1,100.0,Train,F-1
GradientBoosting,KNNImptuer__SimpleImputer_mode,SMOTE,Train-F-1,98.0,Train,F-1
Bagging,KNNImptuer__SimpleImputer_mode,SMOTE,Train-F-1,99.86,Train,F-1
XGBoost,KNNImptuer__SimpleImputer_mode,SMOTE,Train-F-1,100.0,Train,F-1
LogisticRegression,KNNImptuer__SimpleImputer_mode,MWMOTE,Train-F-1,97.71,Train,F-1
DecisionTree,KNNImptuer__SimpleImputer_mode,MWMOTE,Train-F-1,100.0,Train,F-1
NaiveBayes,KNNImptuer__SimpleImputer_mode,MWMOTE,Train-F-1,93.44,Train,F-1
KNN,KNNImptuer__SimpleImputer_mode,MWMOTE,Train-F-1,98.28,Train,F-1
SVM,KNNImptuer__SimpleImputer_mode,MWMOTE,Train-F-1,98.38,Train,F-1
RandomForest,KNNImptuer__SimpleImputer_mode,MWMOTE,Train-F-1,100.0,Train,F-1
GradientBoosting,KNNImptuer__SimpleImputer_mode,MWMOTE,Train-F-1,98.06,Train,F-1
Bagging,KNNImptuer__SimpleImputer_mode,MWMOTE,Train-F-1,99.89,Train,F-1
XGBoost,KNNImptuer__SimpleImputer_mode,MWMOTE,Train-F-1,100.0,Train,F-1
LogisticRegression,KNNImptuer__SimpleImputer_mode,ADASYN,Train-F-1,97.34,Train,F-1
DecisionTree,KNNImptuer__SimpleImputer_mode,ADASYN,Train-F-1,100.0,Train,F-1
NaiveBayes,KNNImptuer__SimpleImputer_mode,ADASYN,Train-F-1,93.16,Train,F-1
KNN,KNNImptuer__SimpleImputer_mode,ADASYN,Train-F-1,98.37,Train,F-1
SVM,KNNImptuer__SimpleImputer_mode,ADASYN,Train-F-1,98.19,Train,F-1
RandomForest,KNNImptuer__SimpleImputer_mode,ADASYN,Train-F-1,100.0,Train,F-1
GradientBoosting,KNNImptuer__SimpleImputer_mode,ADASYN,Train-F-1,97.98,Train,F-1
Bagging,KNNImptuer__SimpleImputer_mode,ADASYN,Train-F-1,99.85,Train,F-1
XGBoost,KNNImptuer__SimpleImputer_mode,ADASYN,Train-F-1,100.0,Train,F-1
LogisticRegression,KNNImptuer__SimpleImputer_mode,OriginalData,Train-F-1,94.14,Train,F-1
DecisionTree,KNNImptuer__SimpleImputer_mode,OriginalData,Train-F-1,100.0,Train,F-1
NaiveBayes,KNNImptuer__SimpleImputer_mode,OriginalData,Train-F-1,88.41,Train,F-1
KNN,KNNImptuer__SimpleImputer_mode,OriginalData,Train-F-1,94.01,Train,F-1
SVM,KNNImptuer__SimpleImputer_mode,OriginalData,Train-F-1,94.47,Train,F-1
RandomForest,KNNImptuer__SimpleImputer_mode,OriginalData,Train-F-1,100.0,Train,F-1
GradientBoosting,KNNImptuer__SimpleImputer_mode,OriginalData,Train-F-1,94.45,Train,F-1
Bagging,KNNImptuer__SimpleImputer_mode,OriginalData,Train-F-1,99.65,Train,F-1
XGBoost,KNNImptuer__SimpleImputer_mode,OriginalData,Train-F-1,100.0,Train,F-1
LogisticRegression,KNNImptuer__SimpleImputer_mode,AllKNN,Train-F-1,97.01,Train,F-1
DecisionTree,KNNImptuer__SimpleImputer_mode,AllKNN,Train-F-1,100.0,Train,F-1
NaiveBayes,KNNImptuer__SimpleImputer_mode,AllKNN,Train-F-1,92.57,Train,F-1
KNN,KNNImptuer__SimpleImputer_mode,AllKNN,Train-F-1,97.39,Train,F-1
SVM,KNNImptuer__SimpleImputer_mode,AllKNN,Train-F-1,97.73,Train,F-1
RandomForest,KNNImptuer__SimpleImputer_mode,AllKNN,Train-F-1,100.0,Train,F-1
GradientBoosting,KNNImptuer__SimpleImputer_mode,AllKNN,Train-F-1,97.77,Train,F-1
Bagging,KNNImptuer__SimpleImputer_mode,AllKNN,Train-F-1,99.79,Train,F-1
XGBoost,KNNImptuer__SimpleImputer_mode,AllKNN,Train-F-1,100.0,Train,F-1
LogisticRegression,SimpleImputer_mean__SimpleImputer_mode,SMOTE,Train-Accuracy,97.54,Train,Accuracy
DecisionTree,SimpleImputer_mean__SimpleImputer_mode,SMOTE,Train-Accuracy,100.0,Train,Accuracy
NaiveBayes,SimpleImputer_mean__SimpleImputer_mode,SMOTE,Train-Accuracy,93.44,Train,Accuracy
KNN,SimpleImputer_mean__SimpleImputer_mode,SMOTE,Train-Accuracy,98.26,Train,Accuracy
SVM,SimpleImputer_mean__SimpleImputer_mode,SMOTE,Train-Accuracy,98.29,Train,Accuracy
RandomForest,SimpleImputer_mean__SimpleImputer_mode,SMOTE,Train-Accuracy,100.0,Train,Accuracy
GradientBoosting,SimpleImputer_mean__SimpleImputer_mode,SMOTE,Train-Accuracy,97.97,Train,Accuracy
Bagging,SimpleImputer_mean__SimpleImputer_mode,SMOTE,Train-Accuracy,99.85,Train,Accuracy
XGBoost,SimpleImputer_mean__SimpleImputer_mode,SMOTE,Train-Accuracy,100.0,Train,Accuracy
LogisticRegression,SimpleImputer_mean__SimpleImputer_mode,MWMOTE,Train-Accuracy,97.57,Train,Accuracy
DecisionTree,SimpleImputer_mean__SimpleImputer_mode,MWMOTE,Train-Accuracy,100.0,Train,Accuracy
NaiveBayes,SimpleImputer_mean__SimpleImputer_mode,MWMOTE,Train-Accuracy,93.4,Train,Accuracy
KNN,SimpleImputer_mean__SimpleImputer_mode,MWMOTE,Train-Accuracy,98.32,Train,Accuracy
SVM,SimpleImputer_mean__SimpleImputer_mode,MWMOTE,Train-Accuracy,98.45,Train,Accuracy
RandomForest,SimpleImputer_mean__SimpleImputer_mode,MWMOTE,Train-Accuracy,100.0,Train,Accuracy
GradientBoosting,SimpleImputer_mean__SimpleImputer_mode,MWMOTE,Train-Accuracy,98.05,Train,Accuracy
Bagging,SimpleImputer_mean__SimpleImputer_mode,MWMOTE,Train-Accuracy,99.85,Train,Accuracy
XGBoost,SimpleImputer_mean__SimpleImputer_mode,MWMOTE,Train-Accuracy,100.0,Train,Accuracy
LogisticRegression,SimpleImputer_mean__SimpleImputer_mode,ADASYN,Train-Accuracy,97.47,Train,Accuracy
DecisionTree,SimpleImputer_mean__SimpleImputer_mode,ADASYN,Train-Accuracy,100.0,Train,Accuracy
NaiveBayes,SimpleImputer_mean__SimpleImputer_mode,ADASYN,Train-Accuracy,93.39,Train,Accuracy
KNN,SimpleImputer_mean__SimpleImputer_mode,ADASYN,Train-Accuracy,98.17,Train,Accuracy
SVM,SimpleImputer_mean__SimpleImputer_mode,ADASYN,Train-Accuracy,98.31,Train,Accuracy
RandomForest,SimpleImputer_mean__SimpleImputer_mode,ADASYN,Train-Accuracy,100.0,Train,Accuracy
GradientBoosting,SimpleImputer_mean__SimpleImputer_mode,ADASYN,Train-Accuracy,98.11,Train,Accuracy
Bagging,SimpleImputer_mean__SimpleImputer_mode,ADASYN,Train-Accuracy,99.89,Train,Accuracy
XGBoost,SimpleImputer_mean__SimpleImputer_mode,ADASYN,Train-Accuracy,100.0,Train,Accuracy
LogisticRegression,SimpleImputer_mean__SimpleImputer_mode,OriginalData,Train-Accuracy,97.15,Train,Accuracy
DecisionTree,SimpleImputer_mean__SimpleImputer_mode,OriginalData,Train-Accuracy,100.0,Train,Accuracy
NaiveBayes,SimpleImputer_mean__SimpleImputer_mode,OriginalData,Train-Accuracy,94.29,Train,Accuracy
KNN,SimpleImputer_mean__SimpleImputer_mode,OriginalData,Train-Accuracy,97.27,Train,Accuracy
SVM,SimpleImputer_mean__SimpleImputer_mode,OriginalData,Train-Accuracy,97.36,Train,Accuracy
RandomForest,SimpleImputer_mean__SimpleImputer_mode,OriginalData,Train-Accuracy,100.0,Train,Accuracy
GradientBoosting,SimpleImputer_mean__SimpleImputer_mode,OriginalData,Train-Accuracy,97.26,Train,Accuracy
Bagging,SimpleImputer_mean__SimpleImputer_mode,OriginalData,Train-Accuracy,99.82,Train,Accuracy
XGBoost,SimpleImputer_mean__SimpleImputer_mode,OriginalData,Train-Accuracy,100.0,Train,Accuracy
LogisticRegression,SimpleImputer_mean__SimpleImputer_mode,AllKNN,Train-Accuracy,97.02,Train,Accuracy
DecisionTree,SimpleImputer_mean__SimpleImputer_mode,AllKNN,Train-Accuracy,100.0,Train,Accuracy
NaiveBayes,SimpleImputer_mean__SimpleImputer_mode,AllKNN,Train-Accuracy,93.53,Train,Accuracy
KNN,SimpleImputer_mean__SimpleImputer_mode,AllKNN,Train-Accuracy,96.93,Train,Accuracy
SVM,SimpleImputer_mean__SimpleImputer_mode,AllKNN,Train-Accuracy,97.82,Train,Accuracy
RandomForest,SimpleImputer_mean__SimpleImputer_mode,AllKNN,Train-Accuracy,100.0,Train,Accuracy
GradientBoosting,SimpleImputer_mean__SimpleImputer_mode,AllKNN,Train-Accuracy,98.03,Train,Accuracy
Bagging,SimpleImputer_mean__SimpleImputer_mode,AllKNN,Train-Accuracy,99.81,Train,Accuracy
XGBoost,SimpleImputer_mean__SimpleImputer_mode,AllKNN,Train-Accuracy,100.0,Train,Accuracy
LogisticRegression,KNNImptuer__SimpleImputer_mode,SMOTE,Train-Accuracy,97.46,Train,Accuracy
DecisionTree,KNNImptuer__SimpleImputer_mode,SMOTE,Train-Accuracy,100.0,Train,Accuracy
NaiveBayes,KNNImptuer__SimpleImputer_mode,SMOTE,Train-Accuracy,93.56,Train,Accuracy
KNN,KNNImptuer__SimpleImputer_mode,SMOTE,Train-Accuracy,98.16,Train,Accuracy
SVM,KNNImptuer__SimpleImputer_mode,SMOTE,Train-Accuracy,98.33,Train,Accuracy
RandomForest,KNNImptuer__SimpleImputer_mode,SMOTE,Train-Accuracy,100.0,Train,Accuracy
GradientBoosting,KNNImptuer__SimpleImputer_mode,SMOTE,Train-Accuracy,98.01,Train,Accuracy
Bagging,KNNImptuer__SimpleImputer_mode,SMOTE,Train-Accuracy,99.86,Train,Accuracy
XGBoost,KNNImptuer__SimpleImputer_mode,SMOTE,Train-Accuracy,100.0,Train,Accuracy
LogisticRegression,KNNImptuer__SimpleImputer_mode,MWMOTE,Train-Accuracy,97.72,Train,Accuracy
DecisionTree,KNNImptuer__SimpleImputer_mode,MWMOTE,Train-Accuracy,100.0,Train,Accuracy
NaiveBayes,KNNImptuer__SimpleImputer_mode,MWMOTE,Train-Accuracy,93.64,Train,Accuracy
KNN,KNNImptuer__SimpleImputer_mode,MWMOTE,Train-Accuracy,98.27,Train,Accuracy
SVM,KNNImptuer__SimpleImputer_mode,MWMOTE,Train-Accuracy,98.38,Train,Accuracy
RandomForest,KNNImptuer__SimpleImputer_mode,MWMOTE,Train-Accuracy,100.0,Train,Accuracy
GradientBoosting,KNNImptuer__SimpleImputer_mode,MWMOTE,Train-Accuracy,98.07,Train,Accuracy
Bagging,KNNImptuer__SimpleImputer_mode,MWMOTE,Train-Accuracy,99.89,Train,Accuracy
XGBoost,KNNImptuer__SimpleImputer_mode,MWMOTE,Train-Accuracy,100.0,Train,Accuracy
LogisticRegression,KNNImptuer__SimpleImputer_mode,ADASYN,Train-Accuracy,97.34,Train,Accuracy
DecisionTree,KNNImptuer__SimpleImputer_mode,ADASYN,Train-Accuracy,100.0,Train,Accuracy
NaiveBayes,KNNImptuer__SimpleImputer_mode,ADASYN,Train-Accuracy,93.37,Train,Accuracy
KNN,KNNImptuer__SimpleImputer_mode,ADASYN,Train-Accuracy,98.35,Train,Accuracy
SVM,KNNImptuer__SimpleImputer_mode,ADASYN,Train-Accuracy,98.17,Train,Accuracy
RandomForest,KNNImptuer__SimpleImputer_mode,ADASYN,Train-Accuracy,100.0,Train,Accuracy
GradientBoosting,KNNImptuer__SimpleImputer_mode,ADASYN,Train-Accuracy,97.99,Train,Accuracy
Bagging,KNNImptuer__SimpleImputer_mode,ADASYN,Train-Accuracy,99.85,Train,Accuracy
XGBoost,KNNImptuer__SimpleImputer_mode,ADASYN,Train-Accuracy,100.0,Train,Accuracy
LogisticRegression,KNNImptuer__SimpleImputer_mode,OriginalData,Train-Accuracy,97.14,Train,Accuracy
DecisionTree,KNNImptuer__SimpleImputer_mode,OriginalData,Train-Accuracy,100.0,Train,Accuracy
NaiveBayes,KNNImptuer__SimpleImputer_mode,OriginalData,Train-Accuracy,94.31,Train,Accuracy
KNN,KNNImptuer__SimpleImputer_mode,OriginalData,Train-Accuracy,97.11,Train,Accuracy
SVM,KNNImptuer__SimpleImputer_mode,OriginalData,Train-Accuracy,97.31,Train,Accuracy
RandomForest,KNNImptuer__SimpleImputer_mode,OriginalData,Train-Accuracy,100.0,Train,Accuracy
GradientBoosting,KNNImptuer__SimpleImputer_mode,OriginalData,Train-Accuracy,97.29,Train,Accuracy
Bagging,KNNImptuer__SimpleImputer_mode,OriginalData,Train-Accuracy,99.83,Train,Accuracy
XGBoost,KNNImptuer__SimpleImputer_mode,OriginalData,Train-Accuracy,100.0,Train,Accuracy
LogisticRegression,KNNImptuer__SimpleImputer_mode,AllKNN,Train-Accuracy,97.29,Train,Accuracy
DecisionTree,KNNImptuer__SimpleImputer_mode,AllKNN,Train-Accuracy,100.0,Train,Accuracy
NaiveBayes,KNNImptuer__SimpleImputer_mode,AllKNN,Train-Accuracy,93.6,Train,Accuracy
KNN,KNNImptuer__SimpleImputer_mode,AllKNN,Train-Accuracy,97.65,Train,Accuracy
SVM,KNNImptuer__SimpleImputer_mode,AllKNN,Train-Accuracy,97.94,Train,Accuracy
RandomForest,KNNImptuer__SimpleImputer_mode,AllKNN,Train-Accuracy,100.0,Train,Accuracy
GradientBoosting,KNNImptuer__SimpleImputer_mode,AllKNN,Train-Accuracy,97.98,Train,Accuracy
Bagging,KNNImptuer__SimpleImputer_mode,AllKNN,Train-Accuracy,99.81,Train,Accuracy
XGBoost,KNNImptuer__SimpleImputer_mode,AllKNN,Train-Accuracy,100.0,Train,Accuracy
LogisticRegression,SimpleImputer_mean__SimpleImputer_mode,SMOTE,Train-Kappa,95.07,Train,Kappa
DecisionTree,SimpleImputer_mean__SimpleImputer_mode,SMOTE,Train-Kappa,100.0,Train,Kappa
NaiveBayes,SimpleImputer_mean__SimpleImputer_mode,SMOTE,Train-Kappa,86.88,Train,Kappa
KNN,SimpleImputer_mean__SimpleImputer_mode,SMOTE,Train-Kappa,96.52,Train,Kappa
SVM,SimpleImputer_mean__SimpleImputer_mode,SMOTE,Train-Kappa,96.58,Train,Kappa
RandomForest,SimpleImputer_mean__SimpleImputer_mode,SMOTE,Train-Kappa,100.0,Train,Kappa
GradientBoosting,SimpleImputer_mean__SimpleImputer_mode,SMOTE,Train-Kappa,95.95,Train,Kappa
Bagging,SimpleImputer_mean__SimpleImputer_mode,SMOTE,Train-Kappa,99.7,Train,Kappa
XGBoost,SimpleImputer_mean__SimpleImputer_mode,SMOTE,Train-Kappa,100.0,Train,Kappa
LogisticRegression,SimpleImputer_mean__SimpleImputer_mode,MWMOTE,Train-Kappa,95.13,Train,Kappa
DecisionTree,SimpleImputer_mean__SimpleImputer_mode,MWMOTE,Train-Kappa,100.0,Train,Kappa
NaiveBayes,SimpleImputer_mean__SimpleImputer_mode,MWMOTE,Train-Kappa,86.79,Train,Kappa
KNN,SimpleImputer_mean__SimpleImputer_mode,MWMOTE,Train-Kappa,96.63,Train,Kappa
SVM,SimpleImputer_mean__SimpleImputer_mode,MWMOTE,Train-Kappa,96.91,Train,Kappa
RandomForest,SimpleImputer_mean__SimpleImputer_mode,MWMOTE,Train-Kappa,100.0,Train,Kappa
GradientBoosting,SimpleImputer_mean__SimpleImputer_mode,MWMOTE,Train-Kappa,96.1,Train,Kappa
Bagging,SimpleImputer_mean__SimpleImputer_mode,MWMOTE,Train-Kappa,99.7,Train,Kappa
XGBoost,SimpleImputer_mean__SimpleImputer_mode,MWMOTE,Train-Kappa,100.0,Train,Kappa
LogisticRegression,SimpleImputer_mean__SimpleImputer_mode,ADASYN,Train-Kappa,94.95,Train,Kappa
DecisionTree,SimpleImputer_mean__SimpleImputer_mode,ADASYN,Train-Kappa,100.0,Train,Kappa
NaiveBayes,SimpleImputer_mean__SimpleImputer_mode,ADASYN,Train-Kappa,86.78,Train,Kappa
KNN,SimpleImputer_mean__SimpleImputer_mode,ADASYN,Train-Kappa,96.34,Train,Kappa
SVM,SimpleImputer_mean__SimpleImputer_mode,ADASYN,Train-Kappa,96.62,Train,Kappa
RandomForest,SimpleImputer_mean__SimpleImputer_mode,ADASYN,Train-Kappa,100.0,Train,Kappa
GradientBoosting,SimpleImputer_mean__SimpleImputer_mode,ADASYN,Train-Kappa,96.22,Train,Kappa
Bagging,SimpleImputer_mean__SimpleImputer_mode,ADASYN,Train-Kappa,99.77,Train,Kappa
XGBoost,SimpleImputer_mean__SimpleImputer_mode,ADASYN,Train-Kappa,100.0,Train,Kappa
LogisticRegression,SimpleImputer_mean__SimpleImputer_mode,OriginalData,Train-Kappa,92.28,Train,Kappa
DecisionTree,SimpleImputer_mean__SimpleImputer_mode,OriginalData,Train-Kappa,100.0,Train,Kappa
NaiveBayes,SimpleImputer_mean__SimpleImputer_mode,OriginalData,Train-Kappa,84.59,Train,Kappa
KNN,SimpleImputer_mean__SimpleImputer_mode,OriginalData,Train-Kappa,92.55,Train,Kappa
SVM,SimpleImputer_mean__SimpleImputer_mode,OriginalData,Train-Kappa,92.82,Train,Kappa
RandomForest,SimpleImputer_mean__SimpleImputer_mode,OriginalData,Train-Kappa,100.0,Train,Kappa
GradientBoosting,SimpleImputer_mean__SimpleImputer_mode,OriginalData,Train-Kappa,92.57,Train,Kappa
Bagging,SimpleImputer_mean__SimpleImputer_mode,OriginalData,Train-Kappa,99.51,Train,Kappa
XGBoost,SimpleImputer_mean__SimpleImputer_mode,OriginalData,Train-Kappa,100.0,Train,Kappa
LogisticRegression,SimpleImputer_mean__SimpleImputer_mode,AllKNN,Train-Kappa,93.97,Train,Kappa
DecisionTree,SimpleImputer_mean__SimpleImputer_mode,AllKNN,Train-Kappa,100.0,Train,Kappa
NaiveBayes,SimpleImputer_mean__SimpleImputer_mode,AllKNN,Train-Kappa,86.78,Train,Kappa
KNN,SimpleImputer_mean__SimpleImputer_mode,AllKNN,Train-Kappa,93.76,Train,Kappa
SVM,SimpleImputer_mean__SimpleImputer_mode,AllKNN,Train-Kappa,95.6,Train,Kappa
RandomForest,SimpleImputer_mean__SimpleImputer_mode,AllKNN,Train-Kappa,100.0,Train,Kappa
GradientBoosting,SimpleImputer_mean__SimpleImputer_mode,AllKNN,Train-Kappa,96.02,Train,Kappa
Bagging,SimpleImputer_mean__SimpleImputer_mode,AllKNN,Train-Kappa,99.61,Train,Kappa
XGBoost,SimpleImputer_mean__SimpleImputer_mode,AllKNN,Train-Kappa,100.0,Train,Kappa
LogisticRegression,KNNImptuer__SimpleImputer_mode,SMOTE,Train-Kappa,94.93,Train,Kappa
DecisionTree,KNNImptuer__SimpleImputer_mode,SMOTE,Train-Kappa,100.0,Train,Kappa
NaiveBayes,KNNImptuer__SimpleImputer_mode,SMOTE,Train-Kappa,87.12,Train,Kappa
KNN,KNNImptuer__SimpleImputer_mode,SMOTE,Train-Kappa,96.32,Train,Kappa
SVM,KNNImptuer__SimpleImputer_mode,SMOTE,Train-Kappa,96.66,Train,Kappa
RandomForest,KNNImptuer__SimpleImputer_mode,SMOTE,Train-Kappa,100.0,Train,Kappa
GradientBoosting,KNNImptuer__SimpleImputer_mode,SMOTE,Train-Kappa,96.02,Train,Kappa
Bagging,KNNImptuer__SimpleImputer_mode,SMOTE,Train-Kappa,99.73,Train,Kappa
XGBoost,KNNImptuer__SimpleImputer_mode,SMOTE,Train-Kappa,100.0,Train,Kappa
LogisticRegression,KNNImptuer__SimpleImputer_mode,MWMOTE,Train-Kappa,95.45,Train,Kappa
DecisionTree,KNNImptuer__SimpleImputer_mode,MWMOTE,Train-Kappa,100.0,Train,Kappa
NaiveBayes,KNNImptuer__SimpleImputer_mode,MWMOTE,Train-Kappa,87.28,Train,Kappa
KNN,KNNImptuer__SimpleImputer_mode,MWMOTE,Train-Kappa,96.53,Train,Kappa
SVM,KNNImptuer__SimpleImputer_mode,MWMOTE,Train-Kappa,96.76,Train,Kappa
RandomForest,KNNImptuer__SimpleImputer_mode,MWMOTE,Train-Kappa,100.0,Train,Kappa
GradientBoosting,KNNImptuer__SimpleImputer_mode,MWMOTE,Train-Kappa,96.15,Train,Kappa
Bagging,KNNImptuer__SimpleImputer_mode,MWMOTE,Train-Kappa,99.77,Train,Kappa
XGBoost,KNNImptuer__SimpleImputer_mode,MWMOTE,Train-Kappa,100.0,Train,Kappa
LogisticRegression,KNNImptuer__SimpleImputer_mode,ADASYN,Train-Kappa,94.68,Train,Kappa
DecisionTree,KNNImptuer__SimpleImputer_mode,ADASYN,Train-Kappa,100.0,Train,Kappa
NaiveBayes,KNNImptuer__SimpleImputer_mode,ADASYN,Train-Kappa,86.73,Train,Kappa
KNN,KNNImptuer__SimpleImputer_mode,ADASYN,Train-Kappa,96.71,Train,Kappa
SVM,KNNImptuer__SimpleImputer_mode,ADASYN,Train-Kappa,96.35,Train,Kappa
RandomForest,KNNImptuer__SimpleImputer_mode,ADASYN,Train-Kappa,100.0,Train,Kappa
GradientBoosting,KNNImptuer__SimpleImputer_mode,ADASYN,Train-Kappa,95.98,Train,Kappa
Bagging,KNNImptuer__SimpleImputer_mode,ADASYN,Train-Kappa,99.7,Train,Kappa
XGBoost,KNNImptuer__SimpleImputer_mode,ADASYN,Train-Kappa,100.0,Train,Kappa
LogisticRegression,KNNImptuer__SimpleImputer_mode,OriginalData,Train-Kappa,92.24,Train,Kappa
DecisionTree,KNNImptuer__SimpleImputer_mode,OriginalData,Train-Kappa,100.0,Train,Kappa
NaiveBayes,KNNImptuer__SimpleImputer_mode,OriginalData,Train-Kappa,84.64,Train,Kappa
KNN,KNNImptuer__SimpleImputer_mode,OriginalData,Train-Kappa,92.1,Train,Kappa
SVM,KNNImptuer__SimpleImputer_mode,OriginalData,Train-Kappa,92.7,Train,Kappa
RandomForest,KNNImptuer__SimpleImputer_mode,OriginalData,Train-Kappa,100.0,Train,Kappa
GradientBoosting,KNNImptuer__SimpleImputer_mode,OriginalData,Train-Kappa,92.66,Train,Kappa
Bagging,KNNImptuer__SimpleImputer_mode,OriginalData,Train-Kappa,99.54,Train,Kappa
XGBoost,KNNImptuer__SimpleImputer_mode,OriginalData,Train-Kappa,100.0,Train,Kappa
LogisticRegression,KNNImptuer__SimpleImputer_mode,AllKNN,Train-Kappa,94.53,Train,Kappa
DecisionTree,KNNImptuer__SimpleImputer_mode,AllKNN,Train-Kappa,100.0,Train,Kappa
NaiveBayes,KNNImptuer__SimpleImputer_mode,AllKNN,Train-Kappa,86.96,Train,Kappa
KNN,KNNImptuer__SimpleImputer_mode,AllKNN,Train-Kappa,95.26,Train,Kappa
SVM,KNNImptuer__SimpleImputer_mode,AllKNN,Train-Kappa,95.85,Train,Kappa
RandomForest,KNNImptuer__SimpleImputer_mode,AllKNN,Train-Kappa,100.0,Train,Kappa
GradientBoosting,KNNImptuer__SimpleImputer_mode,AllKNN,Train-Kappa,95.93,Train,Kappa
Bagging,KNNImptuer__SimpleImputer_mode,AllKNN,Train-Kappa,99.61,Train,Kappa
XGBoost,KNNImptuer__SimpleImputer_mode,AllKNN,Train-Kappa,100.0,Train,Kappa
LogisticRegression,SimpleImputer_mean__SimpleImputer_mode,SMOTE,Train-Recall,97.31,Train,Recall
DecisionTree,SimpleImputer_mean__SimpleImputer_mode,SMOTE,Train-Recall,100.0,Train,Recall
NaiveBayes,SimpleImputer_mean__SimpleImputer_mode,SMOTE,Train-Recall,90.41,Train,Recall
KNN,SimpleImputer_mean__SimpleImputer_mode,SMOTE,Train-Recall,99.2,Train,Recall
SVM,SimpleImputer_mean__SimpleImputer_mode,SMOTE,Train-Recall,98.74,Train,Recall
RandomForest,SimpleImputer_mean__SimpleImputer_mode,SMOTE,Train-Recall,100.0,Train,Recall
GradientBoosting,SimpleImputer_mean__SimpleImputer_mode,SMOTE,Train-Recall,97.39,Train,Recall
Bagging,SimpleImputer_mean__SimpleImputer_mode,SMOTE,Train-Recall,99.79,Train,Recall
XGBoost,SimpleImputer_mean__SimpleImputer_mode,SMOTE,Train-Recall,100.0,Train,Recall
LogisticRegression,SimpleImputer_mean__SimpleImputer_mode,MWMOTE,Train-Recall,97.26,Train,Recall
DecisionTree,SimpleImputer_mean__SimpleImputer_mode,MWMOTE,Train-Recall,100.0,Train,Recall
NaiveBayes,SimpleImputer_mean__SimpleImputer_mode,MWMOTE,Train-Recall,90.07,Train,Recall
KNN,SimpleImputer_mean__SimpleImputer_mode,MWMOTE,Train-Recall,99.0,Train,Recall
SVM,SimpleImputer_mean__SimpleImputer_mode,MWMOTE,Train-Recall,98.81,Train,Recall
RandomForest,SimpleImputer_mean__SimpleImputer_mode,MWMOTE,Train-Recall,100.0,Train,Recall
GradientBoosting,SimpleImputer_mean__SimpleImputer_mode,MWMOTE,Train-Recall,97.53,Train,Recall
Bagging,SimpleImputer_mean__SimpleImputer_mode,MWMOTE,Train-Recall,99.8,Train,Recall
XGBoost,SimpleImputer_mean__SimpleImputer_mode,MWMOTE,Train-Recall,100.0,Train,Recall
LogisticRegression,SimpleImputer_mean__SimpleImputer_mode,ADASYN,Train-Recall,97.09,Train,Recall
DecisionTree,SimpleImputer_mean__SimpleImputer_mode,ADASYN,Train-Recall,100.0,Train,Recall
NaiveBayes,SimpleImputer_mean__SimpleImputer_mode,ADASYN,Train-Recall,90.22,Train,Recall
KNN,SimpleImputer_mean__SimpleImputer_mode,ADASYN,Train-Recall,99.1,Train,Recall
SVM,SimpleImputer_mean__SimpleImputer_mode,ADASYN,Train-Recall,98.6,Train,Recall
RandomForest,SimpleImputer_mean__SimpleImputer_mode,ADASYN,Train-Recall,100.0,Train,Recall
GradientBoosting,SimpleImputer_mean__SimpleImputer_mode,ADASYN,Train-Recall,97.53,Train,Recall
Bagging,SimpleImputer_mean__SimpleImputer_mode,ADASYN,Train-Recall,99.83,Train,Recall
XGBoost,SimpleImputer_mean__SimpleImputer_mode,ADASYN,Train-Recall,100.0,Train,Recall
LogisticRegression,SimpleImputer_mean__SimpleImputer_mode,OriginalData,Train-Recall,93.28,Train,Recall
DecisionTree,SimpleImputer_mean__SimpleImputer_mode,OriginalData,Train-Recall,100.0,Train,Recall
NaiveBayes,SimpleImputer_mean__SimpleImputer_mode,OriginalData,Train-Recall,88.04,Train,Recall
KNN,SimpleImputer_mean__SimpleImputer_mode,OriginalData,Train-Recall,92.54,Train,Recall
SVM,SimpleImputer_mean__SimpleImputer_mode,OriginalData,Train-Recall,93.41,Train,Recall
RandomForest,SimpleImputer_mean__SimpleImputer_mode,OriginalData,Train-Recall,100.0,Train,Recall
GradientBoosting,SimpleImputer_mean__SimpleImputer_mode,OriginalData,Train-Recall,93.54,Train,Recall
Bagging,SimpleImputer_mean__SimpleImputer_mode,OriginalData,Train-Recall,99.39,Train,Recall
XGBoost,SimpleImputer_mean__SimpleImputer_mode,OriginalData,Train-Recall,100.0,Train,Recall
LogisticRegression,SimpleImputer_mean__SimpleImputer_mode,AllKNN,Train-Recall,97.41,Train,Recall
DecisionTree,SimpleImputer_mean__SimpleImputer_mode,AllKNN,Train-Recall,100.0,Train,Recall
NaiveBayes,SimpleImputer_mean__SimpleImputer_mode,AllKNN,Train-Recall,89.02,Train,Recall
KNN,SimpleImputer_mean__SimpleImputer_mode,AllKNN,Train-Recall,96.02,Train,Recall
SVM,SimpleImputer_mean__SimpleImputer_mode,AllKNN,Train-Recall,98.75,Train,Recall
RandomForest,SimpleImputer_mean__SimpleImputer_mode,AllKNN,Train-Recall,100.0,Train,Recall
GradientBoosting,SimpleImputer_mean__SimpleImputer_mode,AllKNN,Train-Recall,98.53,Train,Recall
Bagging,SimpleImputer_mean__SimpleImputer_mode,AllKNN,Train-Recall,99.78,Train,Recall
XGBoost,SimpleImputer_mean__SimpleImputer_mode,AllKNN,Train-Recall,100.0,Train,Recall
LogisticRegression,KNNImptuer__SimpleImputer_mode,SMOTE,Train-Recall,97.13,Train,Recall
DecisionTree,KNNImptuer__SimpleImputer_mode,SMOTE,Train-Recall,100.0,Train,Recall
NaiveBayes,KNNImptuer__SimpleImputer_mode,SMOTE,Train-Recall,90.67,Train,Recall
KNN,KNNImptuer__SimpleImputer_mode,SMOTE,Train-Recall,98.94,Train,Recall
SVM,KNNImptuer__SimpleImputer_mode,SMOTE,Train-Recall,98.7,Train,Recall
RandomForest,KNNImptuer__SimpleImputer_mode,SMOTE,Train-Recall,100.0,Train,Recall
GradientBoosting,KNNImptuer__SimpleImputer_mode,SMOTE,Train-Recall,97.46,Train,Recall
Bagging,KNNImptuer__SimpleImputer_mode,SMOTE,Train-Recall,99.8,Train,Recall
XGBoost,KNNImptuer__SimpleImputer_mode,SMOTE,Train-Recall,100.0,Train,Recall
LogisticRegression,KNNImptuer__SimpleImputer_mode,MWMOTE,Train-Recall,97.36,Train,Recall
DecisionTree,KNNImptuer__SimpleImputer_mode,MWMOTE,Train-Recall,100.0,Train,Recall
NaiveBayes,KNNImptuer__SimpleImputer_mode,MWMOTE,Train-Recall,90.61,Train,Recall
KNN,KNNImptuer__SimpleImputer_mode,MWMOTE,Train-Recall,98.93,Train,Recall
SVM,KNNImptuer__SimpleImputer_mode,MWMOTE,Train-Recall,98.51,Train,Recall
RandomForest,KNNImptuer__SimpleImputer_mode,MWMOTE,Train-Recall,100.0,Train,Recall
GradientBoosting,KNNImptuer__SimpleImputer_mode,MWMOTE,Train-Recall,97.59,Train,Recall
Bagging,KNNImptuer__SimpleImputer_mode,MWMOTE,Train-Recall,99.81,Train,Recall
XGBoost,KNNImptuer__SimpleImputer_mode,MWMOTE,Train-Recall,100.0,Train,Recall
LogisticRegression,KNNImptuer__SimpleImputer_mode,ADASYN,Train-Recall,97.07,Train,Recall
DecisionTree,KNNImptuer__SimpleImputer_mode,ADASYN,Train-Recall,100.0,Train,Recall
NaiveBayes,KNNImptuer__SimpleImputer_mode,ADASYN,Train-Recall,90.2,Train,Recall
KNN,KNNImptuer__SimpleImputer_mode,ADASYN,Train-Recall,99.3,Train,Recall
SVM,KNNImptuer__SimpleImputer_mode,ADASYN,Train-Recall,98.85,Train,Recall
RandomForest,KNNImptuer__SimpleImputer_mode,ADASYN,Train-Recall,100.0,Train,Recall
GradientBoosting,KNNImptuer__SimpleImputer_mode,ADASYN,Train-Recall,97.35,Train,Recall
Bagging,KNNImptuer__SimpleImputer_mode,ADASYN,Train-Recall,99.78,Train,Recall
XGBoost,KNNImptuer__SimpleImputer_mode,ADASYN,Train-Recall,100.0,Train,Recall
LogisticRegression,KNNImptuer__SimpleImputer_mode,OriginalData,Train-Recall,93.19,Train,Recall
DecisionTree,KNNImptuer__SimpleImputer_mode,OriginalData,Train-Recall,100.0,Train,Recall
NaiveBayes,KNNImptuer__SimpleImputer_mode,OriginalData,Train-Recall,88.08,Train,Recall
KNN,KNNImptuer__SimpleImputer_mode,OriginalData,Train-Recall,92.1,Train,Recall
SVM,KNNImptuer__SimpleImputer_mode,OriginalData,Train-Recall,93.28,Train,Recall
RandomForest,KNNImptuer__SimpleImputer_mode,OriginalData,Train-Recall,100.0,Train,Recall
GradientBoosting,KNNImptuer__SimpleImputer_mode,OriginalData,Train-Recall,93.54,Train,Recall
Bagging,KNNImptuer__SimpleImputer_mode,OriginalData,Train-Recall,99.52,Train,Recall
XGBoost,KNNImptuer__SimpleImputer_mode,OriginalData,Train-Recall,100.0,Train,Recall
LogisticRegression,KNNImptuer__SimpleImputer_mode,AllKNN,Train-Recall,97.98,Train,Recall
DecisionTree,KNNImptuer__SimpleImputer_mode,AllKNN,Train-Recall,100.0,Train,Recall
NaiveBayes,KNNImptuer__SimpleImputer_mode,AllKNN,Train-Recall,88.93,Train,Recall
KNN,KNNImptuer__SimpleImputer_mode,AllKNN,Train-Recall,97.64,Train,Recall
SVM,KNNImptuer__SimpleImputer_mode,AllKNN,Train-Recall,98.88,Train,Recall
RandomForest,KNNImptuer__SimpleImputer_mode,AllKNN,Train-Recall,100.0,Train,Recall
GradientBoosting,KNNImptuer__SimpleImputer_mode,AllKNN,Train-Recall,98.67,Train,Recall
Bagging,KNNImptuer__SimpleImputer_mode,AllKNN,Train-Recall,99.7,Train,Recall
XGBoost,KNNImptuer__SimpleImputer_mode,AllKNN,Train-Recall,100.0,Train,Recall
LogisticRegression,SimpleImputer_mean__SimpleImputer_mode,SMOTE,Train-Precision,97.75,Train,Precision
DecisionTree,SimpleImputer_mean__SimpleImputer_mode,SMOTE,Train-Precision,100.0,Train,Precision
NaiveBayes,SimpleImputer_mean__SimpleImputer_mode,SMOTE,Train-Precision,96.23,Train,Precision
KNN,SimpleImputer_mean__SimpleImputer_mode,SMOTE,Train-Precision,97.37,Train,Precision
SVM,SimpleImputer_mean__SimpleImputer_mode,SMOTE,Train-Precision,97.86,Train,Precision
RandomForest,SimpleImputer_mean__SimpleImputer_mode,SMOTE,Train-Precision,100.0,Train,Precision
GradientBoosting,SimpleImputer_mean__SimpleImputer_mode,SMOTE,Train-Precision,98.54,Train,Precision
Bagging,SimpleImputer_mean__SimpleImputer_mode,SMOTE,Train-Precision,99.91,Train,Precision
XGBoost,SimpleImputer_mean__SimpleImputer_mode,SMOTE,Train-Precision,100.0,Train,Precision
LogisticRegression,SimpleImputer_mean__SimpleImputer_mode,MWMOTE,Train-Precision,97.85,Train,Precision
DecisionTree,SimpleImputer_mean__SimpleImputer_mode,MWMOTE,Train-Precision,100.0,Train,Precision
NaiveBayes,SimpleImputer_mean__SimpleImputer_mode,MWMOTE,Train-Precision,96.48,Train,Precision
KNN,SimpleImputer_mean__SimpleImputer_mode,MWMOTE,Train-Precision,97.67,Train,Precision
SVM,SimpleImputer_mean__SimpleImputer_mode,MWMOTE,Train-Precision,98.11,Train,Precision
RandomForest,SimpleImputer_mean__SimpleImputer_mode,MWMOTE,Train-Precision,100.0,Train,Precision
GradientBoosting,SimpleImputer_mean__SimpleImputer_mode,MWMOTE,Train-Precision,98.55,Train,Precision
Bagging,SimpleImputer_mean__SimpleImputer_mode,MWMOTE,Train-Precision,99.9,Train,Precision
XGBoost,SimpleImputer_mean__SimpleImputer_mode,MWMOTE,Train-Precision,100.0,Train,Precision
LogisticRegression,SimpleImputer_mean__SimpleImputer_mode,ADASYN,Train-Precision,97.86,Train,Precision
DecisionTree,SimpleImputer_mean__SimpleImputer_mode,ADASYN,Train-Precision,100.0,Train,Precision
NaiveBayes,SimpleImputer_mean__SimpleImputer_mode,ADASYN,Train-Precision,96.36,Train,Precision
KNN,SimpleImputer_mean__SimpleImputer_mode,ADASYN,Train-Precision,97.29,Train,Precision
SVM,SimpleImputer_mean__SimpleImputer_mode,ADASYN,Train-Precision,98.04,Train,Precision
RandomForest,SimpleImputer_mean__SimpleImputer_mode,ADASYN,Train-Precision,100.0,Train,Precision
GradientBoosting,SimpleImputer_mean__SimpleImputer_mode,ADASYN,Train-Precision,98.69,Train,Precision
Bagging,SimpleImputer_mean__SimpleImputer_mode,ADASYN,Train-Precision,99.94,Train,Precision
XGBoost,SimpleImputer_mean__SimpleImputer_mode,ADASYN,Train-Precision,100.0,Train,Precision
LogisticRegression,SimpleImputer_mean__SimpleImputer_mode,OriginalData,Train-Precision,95.06,Train,Precision
DecisionTree,SimpleImputer_mean__SimpleImputer_mode,OriginalData,Train-Precision,100.0,Train,Precision
NaiveBayes,SimpleImputer_mean__SimpleImputer_mode,OriginalData,Train-Precision,88.7,Train,Precision
KNN,SimpleImputer_mean__SimpleImputer_mode,OriginalData,Train-Precision,96.23,Train,Precision
SVM,SimpleImputer_mean__SimpleImputer_mode,OriginalData,Train-Precision,95.75,Train,Precision
RandomForest,SimpleImputer_mean__SimpleImputer_mode,OriginalData,Train-Precision,100.0,Train,Precision
GradientBoosting,SimpleImputer_mean__SimpleImputer_mode,OriginalData,Train-Precision,95.24,Train,Precision
Bagging,SimpleImputer_mean__SimpleImputer_mode,OriginalData,Train-Precision,99.87,Train,Precision
XGBoost,SimpleImputer_mean__SimpleImputer_mode,OriginalData,Train-Precision,100.0,Train,Precision
LogisticRegression,SimpleImputer_mean__SimpleImputer_mode,AllKNN,Train-Precision,95.91,Train,Precision
DecisionTree,SimpleImputer_mean__SimpleImputer_mode,AllKNN,Train-Precision,100.0,Train,Precision
NaiveBayes,SimpleImputer_mean__SimpleImputer_mode,AllKNN,Train-Precision,96.04,Train,Precision
KNN,SimpleImputer_mean__SimpleImputer_mode,AllKNN,Train-Precision,96.99,Train,Precision
SVM,SimpleImputer_mean__SimpleImputer_mode,AllKNN,Train-Precision,96.41,Train,Precision
RandomForest,SimpleImputer_mean__SimpleImputer_mode,AllKNN,Train-Precision,100.0,Train,Precision
GradientBoosting,SimpleImputer_mean__SimpleImputer_mode,AllKNN,Train-Precision,97.06,Train,Precision
Bagging,SimpleImputer_mean__SimpleImputer_mode,AllKNN,Train-Precision,99.78,Train,Precision
XGBoost,SimpleImputer_mean__SimpleImputer_mode,AllKNN,Train-Precision,100.0,Train,Precision
LogisticRegression,KNNImptuer__SimpleImputer_mode,SMOTE,Train-Precision,97.78,Train,Precision
DecisionTree,KNNImptuer__SimpleImputer_mode,SMOTE,Train-Precision,100.0,Train,Precision
NaiveBayes,KNNImptuer__SimpleImputer_mode,SMOTE,Train-Precision,96.23,Train,Precision
KNN,KNNImptuer__SimpleImputer_mode,SMOTE,Train-Precision,97.42,Train,Precision
SVM,KNNImptuer__SimpleImputer_mode,SMOTE,Train-Precision,97.98,Train,Precision
RandomForest,KNNImptuer__SimpleImputer_mode,SMOTE,Train-Precision,100.0,Train,Precision
GradientBoosting,KNNImptuer__SimpleImputer_mode,SMOTE,Train-Precision,98.54,Train,Precision
Bagging,KNNImptuer__SimpleImputer_mode,SMOTE,Train-Precision,99.93,Train,Precision
XGBoost,KNNImptuer__SimpleImputer_mode,SMOTE,Train-Precision,100.0,Train,Precision
LogisticRegression,KNNImptuer__SimpleImputer_mode,MWMOTE,Train-Precision,98.07,Train,Precision
DecisionTree,KNNImptuer__SimpleImputer_mode,MWMOTE,Train-Precision,100.0,Train,Precision
NaiveBayes,KNNImptuer__SimpleImputer_mode,MWMOTE,Train-Precision,96.45,Train,Precision
KNN,KNNImptuer__SimpleImputer_mode,MWMOTE,Train-Precision,97.64,Train,Precision
SVM,KNNImptuer__SimpleImputer_mode,MWMOTE,Train-Precision,98.26,Train,Precision
RandomForest,KNNImptuer__SimpleImputer_mode,MWMOTE,Train-Precision,100.0,Train,Precision
GradientBoosting,KNNImptuer__SimpleImputer_mode,MWMOTE,Train-Precision,98.54,Train,Precision
Bagging,KNNImptuer__SimpleImputer_mode,MWMOTE,Train-Precision,99.96,Train,Precision
XGBoost,KNNImptuer__SimpleImputer_mode,MWMOTE,Train-Precision,100.0,Train,Precision
LogisticRegression,KNNImptuer__SimpleImputer_mode,ADASYN,Train-Precision,97.61,Train,Precision
DecisionTree,KNNImptuer__SimpleImputer_mode,ADASYN,Train-Precision,100.0,Train,Precision
NaiveBayes,KNNImptuer__SimpleImputer_mode,ADASYN,Train-Precision,96.32,Train,Precision
KNN,KNNImptuer__SimpleImputer_mode,ADASYN,Train-Precision,97.47,Train,Precision
SVM,KNNImptuer__SimpleImputer_mode,ADASYN,Train-Precision,97.54,Train,Precision
RandomForest,KNNImptuer__SimpleImputer_mode,ADASYN,Train-Precision,100.0,Train,Precision
GradientBoosting,KNNImptuer__SimpleImputer_mode,ADASYN,Train-Precision,98.62,Train,Precision
Bagging,KNNImptuer__SimpleImputer_mode,ADASYN,Train-Precision,99.91,Train,Precision
XGBoost,KNNImptuer__SimpleImputer_mode,ADASYN,Train-Precision,100.0,Train,Precision
LogisticRegression,KNNImptuer__SimpleImputer_mode,OriginalData,Train-Precision,95.1,Train,Precision
DecisionTree,KNNImptuer__SimpleImputer_mode,OriginalData,Train-Precision,100.0,Train,Precision
NaiveBayes,KNNImptuer__SimpleImputer_mode,OriginalData,Train-Precision,88.74,Train,Precision
KNN,KNNImptuer__SimpleImputer_mode,OriginalData,Train-Precision,96.0,Train,Precision
SVM,KNNImptuer__SimpleImputer_mode,OriginalData,Train-Precision,95.7,Train,Precision
RandomForest,KNNImptuer__SimpleImputer_mode,OriginalData,Train-Precision,100.0,Train,Precision
GradientBoosting,KNNImptuer__SimpleImputer_mode,OriginalData,Train-Precision,95.37,Train,Precision
Bagging,KNNImptuer__SimpleImputer_mode,OriginalData,Train-Precision,99.78,Train,Precision
XGBoost,KNNImptuer__SimpleImputer_mode,OriginalData,Train-Precision,100.0,Train,Precision
LogisticRegression,KNNImptuer__SimpleImputer_mode,AllKNN,Train-Precision,96.05,Train,Precision
DecisionTree,KNNImptuer__SimpleImputer_mode,AllKNN,Train-Precision,100.0,Train,Precision
NaiveBayes,KNNImptuer__SimpleImputer_mode,AllKNN,Train-Precision,96.51,Train,Precision
KNN,KNNImptuer__SimpleImputer_mode,AllKNN,Train-Precision,97.14,Train,Precision
SVM,KNNImptuer__SimpleImputer_mode,AllKNN,Train-Precision,96.61,Train,Precision
RandomForest,KNNImptuer__SimpleImputer_mode,AllKNN,Train-Precision,100.0,Train,Precision
GradientBoosting,KNNImptuer__SimpleImputer_mode,AllKNN,Train-Precision,96.88,Train,Precision
Bagging,KNNImptuer__SimpleImputer_mode,AllKNN,Train-Precision,99.87,Train,Precision
XGBoost,KNNImptuer__SimpleImputer_mode,AllKNN,Train-Precision,100.0,Train,Precision
LogisticRegression,SimpleImputer_mean__SimpleImputer_mode,SMOTE,Train-AUC,97.54,Train,AUC
DecisionTree,SimpleImputer_mean__SimpleImputer_mode,SMOTE,Train-AUC,100.0,Train,AUC
NaiveBayes,SimpleImputer_mean__SimpleImputer_mode,SMOTE,Train-AUC,93.44,Train,AUC
KNN,SimpleImputer_mean__SimpleImputer_mode,SMOTE,Train-AUC,98.26,Train,AUC
SVM,SimpleImputer_mean__SimpleImputer_mode,SMOTE,Train-AUC,98.29,Train,AUC
RandomForest,SimpleImputer_mean__SimpleImputer_mode,SMOTE,Train-AUC,100.0,Train,AUC
GradientBoosting,SimpleImputer_mean__SimpleImputer_mode,SMOTE,Train-AUC,97.97,Train,AUC
Bagging,SimpleImputer_mean__SimpleImputer_mode,SMOTE,Train-AUC,99.85,Train,AUC
XGBoost,SimpleImputer_mean__SimpleImputer_mode,SMOTE,Train-AUC,100.0,Train,AUC
LogisticRegression,SimpleImputer_mean__SimpleImputer_mode,MWMOTE,Train-AUC,97.56,Train,AUC
DecisionTree,SimpleImputer_mean__SimpleImputer_mode,MWMOTE,Train-AUC,100.0,Train,AUC
NaiveBayes,SimpleImputer_mean__SimpleImputer_mode,MWMOTE,Train-AUC,93.39,Train,AUC
KNN,SimpleImputer_mean__SimpleImputer_mode,MWMOTE,Train-AUC,98.32,Train,AUC
SVM,SimpleImputer_mean__SimpleImputer_mode,MWMOTE,Train-AUC,98.45,Train,AUC
RandomForest,SimpleImputer_mean__SimpleImputer_mode,MWMOTE,Train-AUC,100.0,Train,AUC
GradientBoosting,SimpleImputer_mean__SimpleImputer_mode,MWMOTE,Train-AUC,98.05,Train,AUC
Bagging,SimpleImputer_mean__SimpleImputer_mode,MWMOTE,Train-AUC,99.85,Train,AUC
XGBoost,SimpleImputer_mean__SimpleImputer_mode,MWMOTE,Train-AUC,100.0,Train,AUC
LogisticRegression,SimpleImputer_mean__SimpleImputer_mode,ADASYN,Train-AUC,97.47,Train,AUC
DecisionTree,SimpleImputer_mean__SimpleImputer_mode,ADASYN,Train-AUC,100.0,Train,AUC
NaiveBayes,SimpleImputer_mean__SimpleImputer_mode,ADASYN,Train-AUC,93.39,Train,AUC
KNN,SimpleImputer_mean__SimpleImputer_mode,ADASYN,Train-AUC,98.17,Train,AUC
SVM,SimpleImputer_mean__SimpleImputer_mode,ADASYN,Train-AUC,98.31,Train,AUC
RandomForest,SimpleImputer_mean__SimpleImputer_mode,ADASYN,Train-AUC,100.0,Train,AUC
GradientBoosting,SimpleImputer_mean__SimpleImputer_mode,ADASYN,Train-AUC,98.11,Train,AUC
Bagging,SimpleImputer_mean__SimpleImputer_mode,ADASYN,Train-AUC,99.89,Train,AUC
XGBoost,SimpleImputer_mean__SimpleImputer_mode,ADASYN,Train-AUC,100.0,Train,AUC
LogisticRegression,SimpleImputer_mean__SimpleImputer_mode,OriginalData,Train-AUC,95.85,Train,AUC
DecisionTree,SimpleImputer_mean__SimpleImputer_mode,OriginalData,Train-AUC,100.0,Train,AUC
NaiveBayes,SimpleImputer_mean__SimpleImputer_mode,OriginalData,Train-AUC,92.19,Train,AUC
KNN,SimpleImputer_mean__SimpleImputer_mode,OriginalData,Train-AUC,95.68,Train,AUC
SVM,SimpleImputer_mean__SimpleImputer_mode,OriginalData,Train-AUC,96.03,Train,AUC
RandomForest,SimpleImputer_mean__SimpleImputer_mode,OriginalData,Train-AUC,100.0,Train,AUC
GradientBoosting,SimpleImputer_mean__SimpleImputer_mode,OriginalData,Train-AUC,96.01,Train,AUC
Bagging,SimpleImputer_mean__SimpleImputer_mode,OriginalData,Train-AUC,99.67,Train,AUC
XGBoost,SimpleImputer_mean__SimpleImputer_mode,OriginalData,Train-AUC,100.0,Train,AUC
LogisticRegression,SimpleImputer_mean__SimpleImputer_mode,AllKNN,Train-AUC,97.06,Train,AUC
DecisionTree,SimpleImputer_mean__SimpleImputer_mode,AllKNN,Train-AUC,100.0,Train,AUC
NaiveBayes,SimpleImputer_mean__SimpleImputer_mode,AllKNN,Train-AUC,93.06,Train,AUC
KNN,SimpleImputer_mean__SimpleImputer_mode,AllKNN,Train-AUC,96.83,Train,AUC
SVM,SimpleImputer_mean__SimpleImputer_mode,AllKNN,Train-AUC,97.92,Train,AUC
RandomForest,SimpleImputer_mean__SimpleImputer_mode,AllKNN,Train-AUC,100.0,Train,AUC
GradientBoosting,SimpleImputer_mean__SimpleImputer_mode,AllKNN,Train-AUC,98.09,Train,AUC
Bagging,SimpleImputer_mean__SimpleImputer_mode,AllKNN,Train-AUC,99.81,Train,AUC
XGBoost,SimpleImputer_mean__SimpleImputer_mode,AllKNN,Train-AUC,100.0,Train,AUC
LogisticRegression,KNNImptuer__SimpleImputer_mode,SMOTE,Train-AUC,97.46,Train,AUC
DecisionTree,KNNImptuer__SimpleImputer_mode,SMOTE,Train-AUC,100.0,Train,AUC
NaiveBayes,KNNImptuer__SimpleImputer_mode,SMOTE,Train-AUC,93.56,Train,AUC
KNN,KNNImptuer__SimpleImputer_mode,SMOTE,Train-AUC,98.16,Train,AUC
SVM,KNNImptuer__SimpleImputer_mode,SMOTE,Train-AUC,98.33,Train,AUC
RandomForest,KNNImptuer__SimpleImputer_mode,SMOTE,Train-AUC,100.0,Train,AUC
GradientBoosting,KNNImptuer__SimpleImputer_mode,SMOTE,Train-AUC,98.01,Train,AUC
Bagging,KNNImptuer__SimpleImputer_mode,SMOTE,Train-AUC,99.86,Train,AUC
XGBoost,KNNImptuer__SimpleImputer_mode,SMOTE,Train-AUC,100.0,Train,AUC
LogisticRegression,KNNImptuer__SimpleImputer_mode,MWMOTE,Train-AUC,97.72,Train,AUC
DecisionTree,KNNImptuer__SimpleImputer_mode,MWMOTE,Train-AUC,100.0,Train,AUC
NaiveBayes,KNNImptuer__SimpleImputer_mode,MWMOTE,Train-AUC,93.64,Train,AUC
KNN,KNNImptuer__SimpleImputer_mode,MWMOTE,Train-AUC,98.27,Train,AUC
SVM,KNNImptuer__SimpleImputer_mode,MWMOTE,Train-AUC,98.38,Train,AUC
RandomForest,KNNImptuer__SimpleImputer_mode,MWMOTE,Train-AUC,100.0,Train,AUC
GradientBoosting,KNNImptuer__SimpleImputer_mode,MWMOTE,Train-AUC,98.07,Train,AUC
Bagging,KNNImptuer__SimpleImputer_mode,MWMOTE,Train-AUC,99.89,Train,AUC
XGBoost,KNNImptuer__SimpleImputer_mode,MWMOTE,Train-AUC,100.0,Train,AUC
LogisticRegression,KNNImptuer__SimpleImputer_mode,ADASYN,Train-AUC,97.34,Train,AUC
DecisionTree,KNNImptuer__SimpleImputer_mode,ADASYN,Train-AUC,100.0,Train,AUC
NaiveBayes,KNNImptuer__SimpleImputer_mode,ADASYN,Train-AUC,93.37,Train,AUC
KNN,KNNImptuer__SimpleImputer_mode,ADASYN,Train-AUC,98.35,Train,AUC
SVM,KNNImptuer__SimpleImputer_mode,ADASYN,Train-AUC,98.17,Train,AUC
RandomForest,KNNImptuer__SimpleImputer_mode,ADASYN,Train-AUC,100.0,Train,AUC
GradientBoosting,KNNImptuer__SimpleImputer_mode,ADASYN,Train-AUC,97.99,Train,AUC
Bagging,KNNImptuer__SimpleImputer_mode,ADASYN,Train-AUC,99.85,Train,AUC
XGBoost,KNNImptuer__SimpleImputer_mode,ADASYN,Train-AUC,100.0,Train,AUC
LogisticRegression,KNNImptuer__SimpleImputer_mode,OriginalData,Train-AUC,95.81,Train,AUC
DecisionTree,KNNImptuer__SimpleImputer_mode,OriginalData,Train-AUC,100.0,Train,AUC
NaiveBayes,KNNImptuer__SimpleImputer_mode,OriginalData,Train-AUC,92.22,Train,AUC
KNN,KNNImptuer__SimpleImputer_mode,OriginalData,Train-AUC,95.42,Train,AUC
SVM,KNNImptuer__SimpleImputer_mode,OriginalData,Train-AUC,95.95,Train,AUC
RandomForest,KNNImptuer__SimpleImputer_mode,OriginalData,Train-AUC,100.0,Train,AUC
GradientBoosting,KNNImptuer__SimpleImputer_mode,OriginalData,Train-AUC,96.03,Train,AUC
Bagging,KNNImptuer__SimpleImputer_mode,OriginalData,Train-AUC,99.72,Train,AUC
XGBoost,KNNImptuer__SimpleImputer_mode,OriginalData,Train-AUC,100.0,Train,AUC
LogisticRegression,KNNImptuer__SimpleImputer_mode,AllKNN,Train-AUC,97.35,Train,AUC
DecisionTree,KNNImptuer__SimpleImputer_mode,AllKNN,Train-AUC,100.0,Train,AUC
NaiveBayes,KNNImptuer__SimpleImputer_mode,AllKNN,Train-AUC,93.16,Train,AUC
KNN,KNNImptuer__SimpleImputer_mode,AllKNN,Train-AUC,97.65,Train,AUC
SVM,KNNImptuer__SimpleImputer_mode,AllKNN,Train-AUC,98.03,Train,AUC
RandomForest,KNNImptuer__SimpleImputer_mode,AllKNN,Train-AUC,100.0,Train,AUC
GradientBoosting,KNNImptuer__SimpleImputer_mode,AllKNN,Train-AUC,98.05,Train,AUC
Bagging,KNNImptuer__SimpleImputer_mode,AllKNN,Train-AUC,99.8,Train,AUC
XGBoost,KNNImptuer__SimpleImputer_mode,AllKNN,Train-AUC,100.0,Train,AUC
LogisticRegression,SimpleImputer_mean__SimpleImputer_mode,SMOTE,Test-F-1,97.63,Test,F-1
DecisionTree,SimpleImputer_mean__SimpleImputer_mode,SMOTE,Test-F-1,97.32,Test,F-1
NaiveBayes,SimpleImputer_mean__SimpleImputer_mode,SMOTE,Test-F-1,93.13,Test,F-1
KNN,SimpleImputer_mean__SimpleImputer_mode,SMOTE,Test-F-1,96.73,Test,F-1
SVM,SimpleImputer_mean__SimpleImputer_mode,SMOTE,Test-F-1,97.71,Test,F-1
RandomForest,SimpleImputer_mean__SimpleImputer_mode,SMOTE,Test-F-1,98.12,Test,F-1
GradientBoosting,SimpleImputer_mean__SimpleImputer_mode,SMOTE,Test-F-1,97.99,Test,F-1
Bagging,SimpleImputer_mean__SimpleImputer_mode,SMOTE,Test-F-1,98.0,Test,F-1
XGBoost,SimpleImputer_mean__SimpleImputer_mode,SMOTE,Test-F-1,98.07,Test,F-1
LogisticRegression,SimpleImputer_mean__SimpleImputer_mode,MWMOTE,Test-F-1,97.77,Test,F-1
DecisionTree,SimpleImputer_mean__SimpleImputer_mode,MWMOTE,Test-F-1,97.2,Test,F-1
NaiveBayes,SimpleImputer_mean__SimpleImputer_mode,MWMOTE,Test-F-1,93.72,Test,F-1
KNN,SimpleImputer_mean__SimpleImputer_mode,MWMOTE,Test-F-1,97.17,Test,F-1
SVM,SimpleImputer_mean__SimpleImputer_mode,MWMOTE,Test-F-1,97.73,Test,F-1
RandomForest,SimpleImputer_mean__SimpleImputer_mode,MWMOTE,Test-F-1,98.15,Test,F-1
GradientBoosting,SimpleImputer_mean__SimpleImputer_mode,MWMOTE,Test-F-1,98.17,Test,F-1
Bagging,SimpleImputer_mean__SimpleImputer_mode,MWMOTE,Test-F-1,97.77,Test,F-1
XGBoost,SimpleImputer_mean__SimpleImputer_mode,MWMOTE,Test-F-1,98.09,Test,F-1
LogisticRegression,SimpleImputer_mean__SimpleImputer_mode,ADASYN,Test-F-1,97.2,Test,F-1
DecisionTree,SimpleImputer_mean__SimpleImputer_mode,ADASYN,Test-F-1,97.13,Test,F-1
NaiveBayes,SimpleImputer_mean__SimpleImputer_mode,ADASYN,Test-F-1,92.83,Test,F-1
KNN,SimpleImputer_mean__SimpleImputer_mode,ADASYN,Test-F-1,97.13,Test,F-1
SVM,SimpleImputer_mean__SimpleImputer_mode,ADASYN,Test-F-1,97.29,Test,F-1
RandomForest,SimpleImputer_mean__SimpleImputer_mode,ADASYN,Test-F-1,97.96,Test,F-1
GradientBoosting,SimpleImputer_mean__SimpleImputer_mode,ADASYN,Test-F-1,97.66,Test,F-1
Bagging,SimpleImputer_mean__SimpleImputer_mode,ADASYN,Test-F-1,97.46,Test,F-1
XGBoost,SimpleImputer_mean__SimpleImputer_mode,ADASYN,Test-F-1,97.77,Test,F-1
LogisticRegression,SimpleImputer_mean__SimpleImputer_mode,OriginalData,Test-F-1,94.13,Test,F-1
DecisionTree,SimpleImputer_mean__SimpleImputer_mode,OriginalData,Test-F-1,92.1,Test,F-1
NaiveBayes,SimpleImputer_mean__SimpleImputer_mode,OriginalData,Test-F-1,89.56,Test,F-1
KNN,SimpleImputer_mean__SimpleImputer_mode,OriginalData,Test-F-1,91.54,Test,F-1
SVM,SimpleImputer_mean__SimpleImputer_mode,OriginalData,Test-F-1,94.05,Test,F-1
RandomForest,SimpleImputer_mean__SimpleImputer_mode,OriginalData,Test-F-1,94.75,Test,F-1
GradientBoosting,SimpleImputer_mean__SimpleImputer_mode,OriginalData,Test-F-1,94.23,Test,F-1
Bagging,SimpleImputer_mean__SimpleImputer_mode,OriginalData,Test-F-1,93.94,Test,F-1
XGBoost,SimpleImputer_mean__SimpleImputer_mode,OriginalData,Test-F-1,94.58,Test,F-1
LogisticRegression,SimpleImputer_mean__SimpleImputer_mode,AllKNN,Test-F-1,97.37,Test,F-1
DecisionTree,SimpleImputer_mean__SimpleImputer_mode,AllKNN,Test-F-1,95.25,Test,F-1
NaiveBayes,SimpleImputer_mean__SimpleImputer_mode,AllKNN,Test-F-1,92.44,Test,F-1
KNN,SimpleImputer_mean__SimpleImputer_mode,AllKNN,Test-F-1,94.55,Test,F-1
SVM,SimpleImputer_mean__SimpleImputer_mode,AllKNN,Test-F-1,97.38,Test,F-1
RandomForest,SimpleImputer_mean__SimpleImputer_mode,AllKNN,Test-F-1,96.97,Test,F-1
GradientBoosting,SimpleImputer_mean__SimpleImputer_mode,AllKNN,Test-F-1,97.02,Test,F-1
Bagging,SimpleImputer_mean__SimpleImputer_mode,AllKNN,Test-F-1,95.97,Test,F-1
XGBoost,SimpleImputer_mean__SimpleImputer_mode,AllKNN,Test-F-1,96.62,Test,F-1
LogisticRegression,KNNImptuer__SimpleImputer_mode,SMOTE,Test-F-1,97.43,Test,F-1
DecisionTree,KNNImptuer__SimpleImputer_mode,SMOTE,Test-F-1,97.05,Test,F-1
NaiveBayes,KNNImptuer__SimpleImputer_mode,SMOTE,Test-F-1,93.91,Test,F-1
KNN,KNNImptuer__SimpleImputer_mode,SMOTE,Test-F-1,96.67,Test,F-1
SVM,KNNImptuer__SimpleImputer_mode,SMOTE,Test-F-1,97.68,Test,F-1
RandomForest,KNNImptuer__SimpleImputer_mode,SMOTE,Test-F-1,98.35,Test,F-1
GradientBoosting,KNNImptuer__SimpleImputer_mode,SMOTE,Test-F-1,98.02,Test,F-1
Bagging,KNNImptuer__SimpleImputer_mode,SMOTE,Test-F-1,97.89,Test,F-1
XGBoost,KNNImptuer__SimpleImputer_mode,SMOTE,Test-F-1,98.21,Test,F-1
LogisticRegression,KNNImptuer__SimpleImputer_mode,MWMOTE,Test-F-1,97.77,Test,F-1
DecisionTree,KNNImptuer__SimpleImputer_mode,MWMOTE,Test-F-1,97.4,Test,F-1
NaiveBayes,KNNImptuer__SimpleImputer_mode,MWMOTE,Test-F-1,93.5,Test,F-1
KNN,KNNImptuer__SimpleImputer_mode,MWMOTE,Test-F-1,96.91,Test,F-1
SVM,KNNImptuer__SimpleImputer_mode,MWMOTE,Test-F-1,97.81,Test,F-1
RandomForest,KNNImptuer__SimpleImputer_mode,MWMOTE,Test-F-1,98.17,Test,F-1
GradientBoosting,KNNImptuer__SimpleImputer_mode,MWMOTE,Test-F-1,98.14,Test,F-1
Bagging,KNNImptuer__SimpleImputer_mode,MWMOTE,Test-F-1,97.83,Test,F-1
XGBoost,KNNImptuer__SimpleImputer_mode,MWMOTE,Test-F-1,97.93,Test,F-1
LogisticRegression,KNNImptuer__SimpleImputer_mode,ADASYN,Test-F-1,97.12,Test,F-1
DecisionTree,KNNImptuer__SimpleImputer_mode,ADASYN,Test-F-1,97.21,Test,F-1
NaiveBayes,KNNImptuer__SimpleImputer_mode,ADASYN,Test-F-1,94.19,Test,F-1
KNN,KNNImptuer__SimpleImputer_mode,ADASYN,Test-F-1,96.69,Test,F-1
SVM,KNNImptuer__SimpleImputer_mode,ADASYN,Test-F-1,97.44,Test,F-1
RandomForest,KNNImptuer__SimpleImputer_mode,ADASYN,Test-F-1,98.15,Test,F-1
GradientBoosting,KNNImptuer__SimpleImputer_mode,ADASYN,Test-F-1,97.93,Test,F-1
Bagging,KNNImptuer__SimpleImputer_mode,ADASYN,Test-F-1,97.85,Test,F-1
XGBoost,KNNImptuer__SimpleImputer_mode,ADASYN,Test-F-1,97.77,Test,F-1
LogisticRegression,KNNImptuer__SimpleImputer_mode,OriginalData,Test-F-1,94.04,Test,F-1
DecisionTree,KNNImptuer__SimpleImputer_mode,OriginalData,Test-F-1,92.07,Test,F-1
NaiveBayes,KNNImptuer__SimpleImputer_mode,OriginalData,Test-F-1,89.56,Test,F-1
KNN,KNNImptuer__SimpleImputer_mode,OriginalData,Test-F-1,92.37,Test,F-1
SVM,KNNImptuer__SimpleImputer_mode,OriginalData,Test-F-1,94.3,Test,F-1
RandomForest,KNNImptuer__SimpleImputer_mode,OriginalData,Test-F-1,94.64,Test,F-1
GradientBoosting,KNNImptuer__SimpleImputer_mode,OriginalData,Test-F-1,94.14,Test,F-1
Bagging,KNNImptuer__SimpleImputer_mode,OriginalData,Test-F-1,93.71,Test,F-1
XGBoost,KNNImptuer__SimpleImputer_mode,OriginalData,Test-F-1,94.18,Test,F-1
LogisticRegression,KNNImptuer__SimpleImputer_mode,AllKNN,Test-F-1,95.85,Test,F-1
DecisionTree,KNNImptuer__SimpleImputer_mode,AllKNN,Test-F-1,95.36,Test,F-1
NaiveBayes,KNNImptuer__SimpleImputer_mode,AllKNN,Test-F-1,91.75,Test,F-1
KNN,KNNImptuer__SimpleImputer_mode,AllKNN,Test-F-1,93.91,Test,F-1
SVM,KNNImptuer__SimpleImputer_mode,AllKNN,Test-F-1,96.05,Test,F-1
RandomForest,KNNImptuer__SimpleImputer_mode,AllKNN,Test-F-1,96.58,Test,F-1
GradientBoosting,KNNImptuer__SimpleImputer_mode,AllKNN,Test-F-1,95.8,Test,F-1
Bagging,KNNImptuer__SimpleImputer_mode,AllKNN,Test-F-1,96.18,Test,F-1
XGBoost,KNNImptuer__SimpleImputer_mode,AllKNN,Test-F-1,95.85,Test,F-1
LogisticRegression,SimpleImputer_mean__SimpleImputer_mode,SMOTE,Test-Accuracy,97.62,Test,Accuracy
DecisionTree,SimpleImputer_mean__SimpleImputer_mode,SMOTE,Test-Accuracy,97.31,Test,Accuracy
NaiveBayes,SimpleImputer_mean__SimpleImputer_mode,SMOTE,Test-Accuracy,93.33,Test,Accuracy
KNN,SimpleImputer_mean__SimpleImputer_mode,SMOTE,Test-Accuracy,96.68,Test,Accuracy
SVM,SimpleImputer_mean__SimpleImputer_mode,SMOTE,Test-Accuracy,97.68,Test,Accuracy
RandomForest,SimpleImputer_mean__SimpleImputer_mode,SMOTE,Test-Accuracy,98.11,Test,Accuracy
GradientBoosting,SimpleImputer_mean__SimpleImputer_mode,SMOTE,Test-Accuracy,98.0,Test,Accuracy
Bagging,SimpleImputer_mean__SimpleImputer_mode,SMOTE,Test-Accuracy,98.0,Test,Accuracy
XGBoost,SimpleImputer_mean__SimpleImputer_mode,SMOTE,Test-Accuracy,98.05,Test,Accuracy
LogisticRegression,SimpleImputer_mean__SimpleImputer_mode,MWMOTE,Test-Accuracy,97.77,Test,Accuracy
DecisionTree,SimpleImputer_mean__SimpleImputer_mode,MWMOTE,Test-Accuracy,97.19,Test,Accuracy
NaiveBayes,SimpleImputer_mean__SimpleImputer_mode,MWMOTE,Test-Accuracy,93.87,Test,Accuracy
KNN,SimpleImputer_mean__SimpleImputer_mode,MWMOTE,Test-Accuracy,97.14,Test,Accuracy
SVM,SimpleImputer_mean__SimpleImputer_mode,MWMOTE,Test-Accuracy,97.71,Test,Accuracy
RandomForest,SimpleImputer_mean__SimpleImputer_mode,MWMOTE,Test-Accuracy,98.14,Test,Accuracy
GradientBoosting,SimpleImputer_mean__SimpleImputer_mode,MWMOTE,Test-Accuracy,98.17,Test,Accuracy
Bagging,SimpleImputer_mean__SimpleImputer_mode,MWMOTE,Test-Accuracy,97.77,Test,Accuracy
XGBoost,SimpleImputer_mean__SimpleImputer_mode,MWMOTE,Test-Accuracy,98.08,Test,Accuracy
LogisticRegression,SimpleImputer_mean__SimpleImputer_mode,ADASYN,Test-Accuracy,97.22,Test,Accuracy
DecisionTree,SimpleImputer_mean__SimpleImputer_mode,ADASYN,Test-Accuracy,97.14,Test,Accuracy
NaiveBayes,SimpleImputer_mean__SimpleImputer_mode,ADASYN,Test-Accuracy,93.1,Test,Accuracy
KNN,SimpleImputer_mean__SimpleImputer_mode,ADASYN,Test-Accuracy,97.11,Test,Accuracy
SVM,SimpleImputer_mean__SimpleImputer_mode,ADASYN,Test-Accuracy,97.28,Test,Accuracy
RandomForest,SimpleImputer_mean__SimpleImputer_mode,ADASYN,Test-Accuracy,97.97,Test,Accuracy
GradientBoosting,SimpleImputer_mean__SimpleImputer_mode,ADASYN,Test-Accuracy,97.68,Test,Accuracy
Bagging,SimpleImputer_mean__SimpleImputer_mode,ADASYN,Test-Accuracy,97.48,Test,Accuracy
XGBoost,SimpleImputer_mean__SimpleImputer_mode,ADASYN,Test-Accuracy,97.77,Test,Accuracy
LogisticRegression,SimpleImputer_mean__SimpleImputer_mode,OriginalData,Test-Accuracy,96.99,Test,Accuracy
DecisionTree,SimpleImputer_mean__SimpleImputer_mode,OriginalData,Test-Accuracy,95.92,Test,Accuracy
NaiveBayes,SimpleImputer_mean__SimpleImputer_mode,OriginalData,Test-Accuracy,94.63,Test,Accuracy
KNN,SimpleImputer_mean__SimpleImputer_mode,OriginalData,Test-Accuracy,95.79,Test,Accuracy
SVM,SimpleImputer_mean__SimpleImputer_mode,OriginalData,Test-Accuracy,96.95,Test,Accuracy
RandomForest,SimpleImputer_mean__SimpleImputer_mode,OriginalData,Test-Accuracy,97.29,Test,Accuracy
GradientBoosting,SimpleImputer_mean__SimpleImputer_mode,OriginalData,Test-Accuracy,97.03,Test,Accuracy
Bagging,SimpleImputer_mean__SimpleImputer_mode,OriginalData,Test-Accuracy,96.9,Test,Accuracy
XGBoost,SimpleImputer_mean__SimpleImputer_mode,OriginalData,Test-Accuracy,97.21,Test,Accuracy
LogisticRegression,SimpleImputer_mean__SimpleImputer_mode,AllKNN,Test-Accuracy,97.64,Test,Accuracy
DecisionTree,SimpleImputer_mean__SimpleImputer_mode,AllKNN,Test-Accuracy,95.8,Test,Accuracy
NaiveBayes,SimpleImputer_mean__SimpleImputer_mode,AllKNN,Test-Accuracy,93.52,Test,Accuracy
KNN,SimpleImputer_mean__SimpleImputer_mode,AllKNN,Test-Accuracy,95.19,Test,Accuracy
SVM,SimpleImputer_mean__SimpleImputer_mode,AllKNN,Test-Accuracy,97.64,Test,Accuracy
RandomForest,SimpleImputer_mean__SimpleImputer_mode,AllKNN,Test-Accuracy,97.25,Test,Accuracy
GradientBoosting,SimpleImputer_mean__SimpleImputer_mode,AllKNN,Test-Accuracy,97.33,Test,Accuracy
Bagging,SimpleImputer_mean__SimpleImputer_mode,AllKNN,Test-Accuracy,96.41,Test,Accuracy
XGBoost,SimpleImputer_mean__SimpleImputer_mode,AllKNN,Test-Accuracy,96.95,Test,Accuracy
LogisticRegression,KNNImptuer__SimpleImputer_mode,SMOTE,Test-Accuracy,97.42,Test,Accuracy
DecisionTree,KNNImptuer__SimpleImputer_mode,SMOTE,Test-Accuracy,97.02,Test,Accuracy
NaiveBayes,KNNImptuer__SimpleImputer_mode,SMOTE,Test-Accuracy,94.04,Test,Accuracy
KNN,KNNImptuer__SimpleImputer_mode,SMOTE,Test-Accuracy,96.62,Test,Accuracy
SVM,KNNImptuer__SimpleImputer_mode,SMOTE,Test-Accuracy,97.65,Test,Accuracy
RandomForest,KNNImptuer__SimpleImputer_mode,SMOTE,Test-Accuracy,98.34,Test,Accuracy
GradientBoosting,KNNImptuer__SimpleImputer_mode,SMOTE,Test-Accuracy,98.02,Test,Accuracy
Bagging,KNNImptuer__SimpleImputer_mode,SMOTE,Test-Accuracy,97.88,Test,Accuracy
XGBoost,KNNImptuer__SimpleImputer_mode,SMOTE,Test-Accuracy,98.2,Test,Accuracy
LogisticRegression,KNNImptuer__SimpleImputer_mode,MWMOTE,Test-Accuracy,97.77,Test,Accuracy
DecisionTree,KNNImptuer__SimpleImputer_mode,MWMOTE,Test-Accuracy,97.39,Test,Accuracy
NaiveBayes,KNNImptuer__SimpleImputer_mode,MWMOTE,Test-Accuracy,93.67,Test,Accuracy
KNN,KNNImptuer__SimpleImputer_mode,MWMOTE,Test-Accuracy,96.88,Test,Accuracy
SVM,KNNImptuer__SimpleImputer_mode,MWMOTE,Test-Accuracy,97.79,Test,Accuracy
RandomForest,KNNImptuer__SimpleImputer_mode,MWMOTE,Test-Accuracy,98.17,Test,Accuracy
GradientBoosting,KNNImptuer__SimpleImputer_mode,MWMOTE,Test-Accuracy,98.14,Test,Accuracy
Bagging,KNNImptuer__SimpleImputer_mode,MWMOTE,Test-Accuracy,97.82,Test,Accuracy
XGBoost,KNNImptuer__SimpleImputer_mode,MWMOTE,Test-Accuracy,97.91,Test,Accuracy
LogisticRegression,KNNImptuer__SimpleImputer_mode,ADASYN,Test-Accuracy,97.18,Test,Accuracy
DecisionTree,KNNImptuer__SimpleImputer_mode,ADASYN,Test-Accuracy,97.27,Test,Accuracy
NaiveBayes,KNNImptuer__SimpleImputer_mode,ADASYN,Test-Accuracy,94.48,Test,Accuracy
KNN,KNNImptuer__SimpleImputer_mode,ADASYN,Test-Accuracy,96.72,Test,Accuracy
SVM,KNNImptuer__SimpleImputer_mode,ADASYN,Test-Accuracy,97.47,Test,Accuracy
RandomForest,KNNImptuer__SimpleImputer_mode,ADASYN,Test-Accuracy,98.19,Test,Accuracy
GradientBoosting,KNNImptuer__SimpleImputer_mode,ADASYN,Test-Accuracy,97.99,Test,Accuracy
Bagging,KNNImptuer__SimpleImputer_mode,ADASYN,Test-Accuracy,97.9,Test,Accuracy
XGBoost,KNNImptuer__SimpleImputer_mode,ADASYN,Test-Accuracy,97.82,Test,Accuracy
LogisticRegression,KNNImptuer__SimpleImputer_mode,OriginalData,Test-Accuracy,96.95,Test,Accuracy
DecisionTree,KNNImptuer__SimpleImputer_mode,OriginalData,Test-Accuracy,95.87,Test,Accuracy
NaiveBayes,KNNImptuer__SimpleImputer_mode,OriginalData,Test-Accuracy,94.63,Test,Accuracy
KNN,KNNImptuer__SimpleImputer_mode,OriginalData,Test-Accuracy,96.17,Test,Accuracy
SVM,KNNImptuer__SimpleImputer_mode,OriginalData,Test-Accuracy,97.08,Test,Accuracy
RandomForest,KNNImptuer__SimpleImputer_mode,OriginalData,Test-Accuracy,97.25,Test,Accuracy
GradientBoosting,KNNImptuer__SimpleImputer_mode,OriginalData,Test-Accuracy,96.99,Test,Accuracy
Bagging,KNNImptuer__SimpleImputer_mode,OriginalData,Test-Accuracy,96.78,Test,Accuracy
XGBoost,KNNImptuer__SimpleImputer_mode,OriginalData,Test-Accuracy,96.99,Test,Accuracy
LogisticRegression,KNNImptuer__SimpleImputer_mode,AllKNN,Test-Accuracy,96.31,Test,Accuracy
DecisionTree,KNNImptuer__SimpleImputer_mode,AllKNN,Test-Accuracy,95.93,Test,Accuracy
NaiveBayes,KNNImptuer__SimpleImputer_mode,AllKNN,Test-Accuracy,93.01,Test,Accuracy
KNN,KNNImptuer__SimpleImputer_mode,AllKNN,Test-Accuracy,94.7,Test,Accuracy
SVM,KNNImptuer__SimpleImputer_mode,AllKNN,Test-Accuracy,96.46,Test,Accuracy
RandomForest,KNNImptuer__SimpleImputer_mode,AllKNN,Test-Accuracy,96.93,Test,Accuracy
GradientBoosting,KNNImptuer__SimpleImputer_mode,AllKNN,Test-Accuracy,96.23,Test,Accuracy
Bagging,KNNImptuer__SimpleImputer_mode,AllKNN,Test-Accuracy,96.62,Test,Accuracy
XGBoost,KNNImptuer__SimpleImputer_mode,AllKNN,Test-Accuracy,96.31,Test,Accuracy
LogisticRegression,SimpleImputer_mean__SimpleImputer_mode,SMOTE,Test-Kappa,95.25,Test,Kappa
DecisionTree,SimpleImputer_mean__SimpleImputer_mode,SMOTE,Test-Kappa,94.62,Test,Kappa
NaiveBayes,SimpleImputer_mean__SimpleImputer_mode,SMOTE,Test-Kappa,86.66,Test,Kappa
KNN,SimpleImputer_mean__SimpleImputer_mode,SMOTE,Test-Kappa,93.36,Test,Kappa
SVM,SimpleImputer_mean__SimpleImputer_mode,SMOTE,Test-Kappa,95.36,Test,Kappa
RandomForest,SimpleImputer_mean__SimpleImputer_mode,SMOTE,Test-Kappa,96.22,Test,Kappa
GradientBoosting,SimpleImputer_mean__SimpleImputer_mode,SMOTE,Test-Kappa,95.99,Test,Kappa
Bagging,SimpleImputer_mean__SimpleImputer_mode,SMOTE,Test-Kappa,95.99,Test,Kappa
XGBoost,SimpleImputer_mean__SimpleImputer_mode,SMOTE,Test-Kappa,96.11,Test,Kappa
LogisticRegression,SimpleImputer_mean__SimpleImputer_mode,MWMOTE,Test-Kappa,95.53,Test,Kappa
DecisionTree,SimpleImputer_mean__SimpleImputer_mode,MWMOTE,Test-Kappa,94.39,Test,Kappa
NaiveBayes,SimpleImputer_mean__SimpleImputer_mode,MWMOTE,Test-Kappa,87.75,Test,Kappa
KNN,SimpleImputer_mean__SimpleImputer_mode,MWMOTE,Test-Kappa,94.27,Test,Kappa
SVM,SimpleImputer_mean__SimpleImputer_mode,MWMOTE,Test-Kappa,95.42,Test,Kappa
RandomForest,SimpleImputer_mean__SimpleImputer_mode,MWMOTE,Test-Kappa,96.28,Test,Kappa
GradientBoosting,SimpleImputer_mean__SimpleImputer_mode,MWMOTE,Test-Kappa,96.33,Test,Kappa
Bagging,SimpleImputer_mean__SimpleImputer_mode,MWMOTE,Test-Kappa,95.53,Test,Kappa
XGBoost,SimpleImputer_mean__SimpleImputer_mode,MWMOTE,Test-Kappa,96.16,Test,Kappa
LogisticRegression,SimpleImputer_mean__SimpleImputer_mode,ADASYN,Test-Kappa,94.45,Test,Kappa
DecisionTree,SimpleImputer_mean__SimpleImputer_mode,ADASYN,Test-Kappa,94.28,Test,Kappa
NaiveBayes,SimpleImputer_mean__SimpleImputer_mode,ADASYN,Test-Kappa,86.2,Test,Kappa
KNN,SimpleImputer_mean__SimpleImputer_mode,ADASYN,Test-Kappa,94.22,Test,Kappa
SVM,SimpleImputer_mean__SimpleImputer_mode,ADASYN,Test-Kappa,94.56,Test,Kappa
RandomForest,SimpleImputer_mean__SimpleImputer_mode,ADASYN,Test-Kappa,95.94,Test,Kappa
GradientBoosting,SimpleImputer_mean__SimpleImputer_mode,ADASYN,Test-Kappa,95.36,Test,Kappa
Bagging,SimpleImputer_mean__SimpleImputer_mode,ADASYN,Test-Kappa,94.96,Test,Kappa
XGBoost,SimpleImputer_mean__SimpleImputer_mode,ADASYN,Test-Kappa,95.54,Test,Kappa
LogisticRegression,SimpleImputer_mean__SimpleImputer_mode,OriginalData,Test-Kappa,92.11,Test,Kappa
DecisionTree,SimpleImputer_mean__SimpleImputer_mode,OriginalData,Test-Kappa,89.35,Test,Kappa
NaiveBayes,SimpleImputer_mean__SimpleImputer_mode,OriginalData,Test-Kappa,85.94,Test,Kappa
KNN,SimpleImputer_mean__SimpleImputer_mode,OriginalData,Test-Kappa,88.74,Test,Kappa
SVM,SimpleImputer_mean__SimpleImputer_mode,OriginalData,Test-Kappa,92.0,Test,Kappa
RandomForest,SimpleImputer_mean__SimpleImputer_mode,OriginalData,Test-Kappa,92.92,Test,Kappa
GradientBoosting,SimpleImputer_mean__SimpleImputer_mode,OriginalData,Test-Kappa,92.23,Test,Kappa
Bagging,SimpleImputer_mean__SimpleImputer_mode,OriginalData,Test-Kappa,91.86,Test,Kappa
XGBoost,SimpleImputer_mean__SimpleImputer_mode,OriginalData,Test-Kappa,92.7,Test,Kappa
LogisticRegression,SimpleImputer_mean__SimpleImputer_mode,AllKNN,Test-Kappa,95.22,Test,Kappa
DecisionTree,SimpleImputer_mean__SimpleImputer_mode,AllKNN,Test-Kappa,91.49,Test,Kappa
NaiveBayes,SimpleImputer_mean__SimpleImputer_mode,AllKNN,Test-Kappa,86.78,Test,Kappa
KNN,SimpleImputer_mean__SimpleImputer_mode,AllKNN,Test-Kappa,90.26,Test,Kappa
SVM,SimpleImputer_mean__SimpleImputer_mode,AllKNN,Test-Kappa,95.23,Test,Kappa
RandomForest,SimpleImputer_mean__SimpleImputer_mode,AllKNN,Test-Kappa,94.46,Test,Kappa
GradientBoosting,SimpleImputer_mean__SimpleImputer_mode,AllKNN,Test-Kappa,94.6,Test,Kappa
Bagging,SimpleImputer_mean__SimpleImputer_mode,AllKNN,Test-Kappa,92.74,Test,Kappa
XGBoost,SimpleImputer_mean__SimpleImputer_mode,AllKNN,Test-Kappa,93.84,Test,Kappa
LogisticRegression,KNNImptuer__SimpleImputer_mode,SMOTE,Test-Kappa,94.85,Test,Kappa
DecisionTree,KNNImptuer__SimpleImputer_mode,SMOTE,Test-Kappa,94.04,Test,Kappa
NaiveBayes,KNNImptuer__SimpleImputer_mode,SMOTE,Test-Kappa,88.09,Test,Kappa
KNN,KNNImptuer__SimpleImputer_mode,SMOTE,Test-Kappa,93.24,Test,Kappa
SVM,KNNImptuer__SimpleImputer_mode,SMOTE,Test-Kappa,95.3,Test,Kappa
RandomForest,KNNImptuer__SimpleImputer_mode,SMOTE,Test-Kappa,96.68,Test,Kappa
GradientBoosting,KNNImptuer__SimpleImputer_mode,SMOTE,Test-Kappa,96.05,Test,Kappa
Bagging,KNNImptuer__SimpleImputer_mode,SMOTE,Test-Kappa,95.76,Test,Kappa
XGBoost,KNNImptuer__SimpleImputer_mode,SMOTE,Test-Kappa,96.39,Test,Kappa
LogisticRegression,KNNImptuer__SimpleImputer_mode,MWMOTE,Test-Kappa,95.53,Test,Kappa
DecisionTree,KNNImptuer__SimpleImputer_mode,MWMOTE,Test-Kappa,94.79,Test,Kappa
NaiveBayes,KNNImptuer__SimpleImputer_mode,MWMOTE,Test-Kappa,87.34,Test,Kappa
KNN,KNNImptuer__SimpleImputer_mode,MWMOTE,Test-Kappa,93.76,Test,Kappa
SVM,KNNImptuer__SimpleImputer_mode,MWMOTE,Test-Kappa,95.59,Test,Kappa
RandomForest,KNNImptuer__SimpleImputer_mode,MWMOTE,Test-Kappa,96.33,Test,Kappa
GradientBoosting,KNNImptuer__SimpleImputer_mode,MWMOTE,Test-Kappa,96.28,Test,Kappa
Bagging,KNNImptuer__SimpleImputer_mode,MWMOTE,Test-Kappa,95.65,Test,Kappa
XGBoost,KNNImptuer__SimpleImputer_mode,MWMOTE,Test-Kappa,95.82,Test,Kappa
LogisticRegression,KNNImptuer__SimpleImputer_mode,ADASYN,Test-Kappa,94.36,Test,Kappa
DecisionTree,KNNImptuer__SimpleImputer_mode,ADASYN,Test-Kappa,94.54,Test,Kappa
NaiveBayes,KNNImptuer__SimpleImputer_mode,ADASYN,Test-Kappa,88.94,Test,Kappa
KNN,KNNImptuer__SimpleImputer_mode,ADASYN,Test-Kappa,93.45,Test,Kappa
SVM,KNNImptuer__SimpleImputer_mode,ADASYN,Test-Kappa,94.94,Test,Kappa
RandomForest,KNNImptuer__SimpleImputer_mode,ADASYN,Test-Kappa,96.38,Test,Kappa
GradientBoosting,KNNImptuer__SimpleImputer_mode,ADASYN,Test-Kappa,95.97,Test,Kappa
Bagging,KNNImptuer__SimpleImputer_mode,ADASYN,Test-Kappa,95.8,Test,Kappa
XGBoost,KNNImptuer__SimpleImputer_mode,ADASYN,Test-Kappa,95.63,Test,Kappa
LogisticRegression,KNNImptuer__SimpleImputer_mode,OriginalData,Test-Kappa,91.99,Test,Kappa
DecisionTree,KNNImptuer__SimpleImputer_mode,OriginalData,Test-Kappa,89.28,Test,Kappa
NaiveBayes,KNNImptuer__SimpleImputer_mode,OriginalData,Test-Kappa,85.94,Test,Kappa
KNN,KNNImptuer__SimpleImputer_mode,OriginalData,Test-Kappa,89.83,Test,Kappa
SVM,KNNImptuer__SimpleImputer_mode,OriginalData,Test-Kappa,92.33,Test,Kappa
RandomForest,KNNImptuer__SimpleImputer_mode,OriginalData,Test-Kappa,92.79,Test,Kappa
GradientBoosting,KNNImptuer__SimpleImputer_mode,OriginalData,Test-Kappa,92.11,Test,Kappa
Bagging,KNNImptuer__SimpleImputer_mode,OriginalData,Test-Kappa,91.55,Test,Kappa
XGBoost,KNNImptuer__SimpleImputer_mode,OriginalData,Test-Kappa,92.15,Test,Kappa
LogisticRegression,KNNImptuer__SimpleImputer_mode,AllKNN,Test-Kappa,92.53,Test,Kappa
DecisionTree,KNNImptuer__SimpleImputer_mode,AllKNN,Test-Kappa,91.73,Test,Kappa
NaiveBayes,KNNImptuer__SimpleImputer_mode,AllKNN,Test-Kappa,85.69,Test,Kappa
KNN,KNNImptuer__SimpleImputer_mode,AllKNN,Test-Kappa,89.21,Test,Kappa
SVM,KNNImptuer__SimpleImputer_mode,AllKNN,Test-Kappa,92.85,Test,Kappa
RandomForest,KNNImptuer__SimpleImputer_mode,AllKNN,Test-Kappa,93.79,Test,Kappa
GradientBoosting,KNNImptuer__SimpleImputer_mode,AllKNN,Test-Kappa,92.39,Test,Kappa
Bagging,KNNImptuer__SimpleImputer_mode,AllKNN,Test-Kappa,93.15,Test,Kappa
XGBoost,KNNImptuer__SimpleImputer_mode,AllKNN,Test-Kappa,92.53,Test,Kappa
LogisticRegression,SimpleImputer_mean__SimpleImputer_mode,SMOTE,Test-Recall,97.83,Test,Recall
DecisionTree,SimpleImputer_mean__SimpleImputer_mode,SMOTE,Test-Recall,97.6,Test,Recall
NaiveBayes,SimpleImputer_mean__SimpleImputer_mode,SMOTE,Test-Recall,90.23,Test,Recall
KNN,SimpleImputer_mean__SimpleImputer_mode,SMOTE,Test-Recall,98.06,Test,Recall
SVM,SimpleImputer_mean__SimpleImputer_mode,SMOTE,Test-Recall,98.86,Test,Recall
RandomForest,SimpleImputer_mean__SimpleImputer_mode,SMOTE,Test-Recall,98.34,Test,Recall
GradientBoosting,SimpleImputer_mean__SimpleImputer_mode,SMOTE,Test-Recall,97.66,Test,Recall
Bagging,SimpleImputer_mean__SimpleImputer_mode,SMOTE,Test-Recall,97.94,Test,Recall
XGBoost,SimpleImputer_mean__SimpleImputer_mode,SMOTE,Test-Recall,98.46,Test,Recall
LogisticRegression,SimpleImputer_mean__SimpleImputer_mode,MWMOTE,Test-Recall,97.77,Test,Recall
DecisionTree,SimpleImputer_mean__SimpleImputer_mode,MWMOTE,Test-Recall,97.32,Test,Recall
NaiveBayes,SimpleImputer_mean__SimpleImputer_mode,MWMOTE,Test-Recall,91.15,Test,Recall
KNN,SimpleImputer_mean__SimpleImputer_mode,MWMOTE,Test-Recall,97.89,Test,Recall
SVM,SimpleImputer_mean__SimpleImputer_mode,MWMOTE,Test-Recall,98.4,Test,Recall
RandomForest,SimpleImputer_mean__SimpleImputer_mode,MWMOTE,Test-Recall,98.46,Test,Recall
GradientBoosting,SimpleImputer_mean__SimpleImputer_mode,MWMOTE,Test-Recall,97.94,Test,Recall
Bagging,SimpleImputer_mean__SimpleImputer_mode,MWMOTE,Test-Recall,97.77,Test,Recall
XGBoost,SimpleImputer_mean__SimpleImputer_mode,MWMOTE,Test-Recall,98.46,Test,Recall
LogisticRegression,SimpleImputer_mean__SimpleImputer_mode,ADASYN,Test-Recall,97.18,Test,Recall
DecisionTree,SimpleImputer_mean__SimpleImputer_mode,ADASYN,Test-Recall,97.52,Test,Recall
NaiveBayes,SimpleImputer_mean__SimpleImputer_mode,ADASYN,Test-Recall,89.86,Test,Recall
KNN,SimpleImputer_mean__SimpleImputer_mode,ADASYN,Test-Recall,98.44,Test,Recall
SVM,SimpleImputer_mean__SimpleImputer_mode,ADASYN,Test-Recall,98.39,Test,Recall
RandomForest,SimpleImputer_mean__SimpleImputer_mode,ADASYN,Test-Recall,98.27,Test,Recall
GradientBoosting,SimpleImputer_mean__SimpleImputer_mode,ADASYN,Test-Recall,97.58,Test,Recall
Bagging,SimpleImputer_mean__SimpleImputer_mode,ADASYN,Test-Recall,97.46,Test,Recall
XGBoost,SimpleImputer_mean__SimpleImputer_mode,ADASYN,Test-Recall,98.5,Test,Recall
LogisticRegression,SimpleImputer_mean__SimpleImputer_mode,OriginalData,Test-Recall,92.27,Test,Recall
DecisionTree,SimpleImputer_mean__SimpleImputer_mode,OriginalData,Test-Recall,91.12,Test,Recall
NaiveBayes,SimpleImputer_mean__SimpleImputer_mode,OriginalData,Test-Recall,88.16,Test,Recall
KNN,SimpleImputer_mean__SimpleImputer_mode,OriginalData,Test-Recall,87.17,Test,Recall
SVM,SimpleImputer_mean__SimpleImputer_mode,OriginalData,Test-Recall,92.27,Test,Recall
RandomForest,SimpleImputer_mean__SimpleImputer_mode,OriginalData,Test-Recall,93.42,Test,Recall
GradientBoosting,SimpleImputer_mean__SimpleImputer_mode,OriginalData,Test-Recall,92.6,Test,Recall
Bagging,SimpleImputer_mean__SimpleImputer_mode,OriginalData,Test-Recall,91.78,Test,Recall
XGBoost,SimpleImputer_mean__SimpleImputer_mode,OriginalData,Test-Recall,93.26,Test,Recall
LogisticRegression,SimpleImputer_mean__SimpleImputer_mode,AllKNN,Test-Recall,97.78,Test,Recall
DecisionTree,SimpleImputer_mean__SimpleImputer_mode,AllKNN,Test-Recall,94.03,Test,Recall
NaiveBayes,SimpleImputer_mean__SimpleImputer_mode,AllKNN,Test-Recall,88.74,Test,Recall
KNN,SimpleImputer_mean__SimpleImputer_mode,AllKNN,Test-Recall,93.34,Test,Recall
SVM,SimpleImputer_mean__SimpleImputer_mode,AllKNN,Test-Recall,98.29,Test,Recall
RandomForest,SimpleImputer_mean__SimpleImputer_mode,AllKNN,Test-Recall,98.29,Test,Recall
GradientBoosting,SimpleImputer_mean__SimpleImputer_mode,AllKNN,Test-Recall,97.27,Test,Recall
Bagging,SimpleImputer_mean__SimpleImputer_mode,AllKNN,Test-Recall,95.56,Test,Recall
XGBoost,SimpleImputer_mean__SimpleImputer_mode,AllKNN,Test-Recall,97.44,Test,Recall
LogisticRegression,KNNImptuer__SimpleImputer_mode,SMOTE,Test-Recall,97.54,Test,Recall
DecisionTree,KNNImptuer__SimpleImputer_mode,SMOTE,Test-Recall,97.77,Test,Recall
NaiveBayes,KNNImptuer__SimpleImputer_mode,SMOTE,Test-Recall,91.66,Test,Recall
KNN,KNNImptuer__SimpleImputer_mode,SMOTE,Test-Recall,97.72,Test,Recall
SVM,KNNImptuer__SimpleImputer_mode,SMOTE,Test-Recall,98.52,Test,Recall
RandomForest,KNNImptuer__SimpleImputer_mode,SMOTE,Test-Recall,98.69,Test,Recall
GradientBoosting,KNNImptuer__SimpleImputer_mode,SMOTE,Test-Recall,97.72,Test,Recall
Bagging,KNNImptuer__SimpleImputer_mode,SMOTE,Test-Recall,97.83,Test,Recall
XGBoost,KNNImptuer__SimpleImputer_mode,SMOTE,Test-Recall,98.63,Test,Recall
LogisticRegression,KNNImptuer__SimpleImputer_mode,MWMOTE,Test-Recall,97.72,Test,Recall
DecisionTree,KNNImptuer__SimpleImputer_mode,MWMOTE,Test-Recall,97.49,Test,Recall
NaiveBayes,KNNImptuer__SimpleImputer_mode,MWMOTE,Test-Recall,90.75,Test,Recall
KNN,KNNImptuer__SimpleImputer_mode,MWMOTE,Test-Recall,97.49,Test,Recall
SVM,KNNImptuer__SimpleImputer_mode,MWMOTE,Test-Recall,98.17,Test,Recall
RandomForest,KNNImptuer__SimpleImputer_mode,MWMOTE,Test-Recall,98.23,Test,Recall
GradientBoosting,KNNImptuer__SimpleImputer_mode,MWMOTE,Test-Recall,97.89,Test,Recall
Bagging,KNNImptuer__SimpleImputer_mode,MWMOTE,Test-Recall,97.77,Test,Recall
XGBoost,KNNImptuer__SimpleImputer_mode,MWMOTE,Test-Recall,98.4,Test,Recall
LogisticRegression,KNNImptuer__SimpleImputer_mode,ADASYN,Test-Recall,97.64,Test,Recall
DecisionTree,KNNImptuer__SimpleImputer_mode,ADASYN,Test-Recall,97.81,Test,Recall
NaiveBayes,KNNImptuer__SimpleImputer_mode,ADASYN,Test-Recall,91.85,Test,Recall
KNN,KNNImptuer__SimpleImputer_mode,ADASYN,Test-Recall,98.23,Test,Recall
SVM,KNNImptuer__SimpleImputer_mode,ADASYN,Test-Recall,98.82,Test,Recall
RandomForest,KNNImptuer__SimpleImputer_mode,ADASYN,Test-Recall,98.64,Test,Recall
GradientBoosting,KNNImptuer__SimpleImputer_mode,ADASYN,Test-Recall,97.81,Test,Recall
Bagging,KNNImptuer__SimpleImputer_mode,ADASYN,Test-Recall,98.23,Test,Recall
XGBoost,KNNImptuer__SimpleImputer_mode,ADASYN,Test-Recall,98.46,Test,Recall
LogisticRegression,KNNImptuer__SimpleImputer_mode,OriginalData,Test-Recall,92.11,Test,Recall
DecisionTree,KNNImptuer__SimpleImputer_mode,OriginalData,Test-Recall,91.61,Test,Recall
NaiveBayes,KNNImptuer__SimpleImputer_mode,OriginalData,Test-Recall,88.16,Test,Recall
KNN,KNNImptuer__SimpleImputer_mode,OriginalData,Test-Recall,88.65,Test,Recall
SVM,KNNImptuer__SimpleImputer_mode,OriginalData,Test-Recall,92.43,Test,Recall
RandomForest,KNNImptuer__SimpleImputer_mode,OriginalData,Test-Recall,92.93,Test,Recall
GradientBoosting,KNNImptuer__SimpleImputer_mode,OriginalData,Test-Recall,92.43,Test,Recall
Bagging,KNNImptuer__SimpleImputer_mode,OriginalData,Test-Recall,91.94,Test,Recall
XGBoost,KNNImptuer__SimpleImputer_mode,OriginalData,Test-Recall,93.09,Test,Recall
LogisticRegression,KNNImptuer__SimpleImputer_mode,AllKNN,Test-Recall,97.54,Test,Recall
DecisionTree,KNNImptuer__SimpleImputer_mode,AllKNN,Test-Recall,95.95,Test,Recall
NaiveBayes,KNNImptuer__SimpleImputer_mode,AllKNN,Test-Recall,89.08,Test,Recall
KNN,KNNImptuer__SimpleImputer_mode,AllKNN,Test-Recall,93.66,Test,Recall
SVM,KNNImptuer__SimpleImputer_mode,AllKNN,Test-Recall,98.42,Test,Recall
RandomForest,KNNImptuer__SimpleImputer_mode,AllKNN,Test-Recall,99.3,Test,Recall
GradientBoosting,KNNImptuer__SimpleImputer_mode,AllKNN,Test-Recall,98.42,Test,Recall
Bagging,KNNImptuer__SimpleImputer_mode,AllKNN,Test-Recall,97.54,Test,Recall
XGBoost,KNNImptuer__SimpleImputer_mode,AllKNN,Test-Recall,97.71,Test,Recall
LogisticRegression,SimpleImputer_mean__SimpleImputer_mode,SMOTE,Test-Precision,97.44,Test,Precision
DecisionTree,SimpleImputer_mean__SimpleImputer_mode,SMOTE,Test-Precision,97.05,Test,Precision
NaiveBayes,SimpleImputer_mean__SimpleImputer_mode,SMOTE,Test-Precision,96.22,Test,Precision
KNN,SimpleImputer_mean__SimpleImputer_mode,SMOTE,Test-Precision,95.44,Test,Precision
SVM,SimpleImputer_mean__SimpleImputer_mode,SMOTE,Test-Precision,96.6,Test,Precision
RandomForest,SimpleImputer_mean__SimpleImputer_mode,SMOTE,Test-Precision,97.9,Test,Precision
GradientBoosting,SimpleImputer_mean__SimpleImputer_mode,SMOTE,Test-Precision,98.33,Test,Precision
Bagging,SimpleImputer_mean__SimpleImputer_mode,SMOTE,Test-Precision,98.06,Test,Precision
XGBoost,SimpleImputer_mean__SimpleImputer_mode,SMOTE,Test-Precision,97.68,Test,Precision
LogisticRegression,SimpleImputer_mean__SimpleImputer_mode,MWMOTE,Test-Precision,97.77,Test,Precision
DecisionTree,SimpleImputer_mean__SimpleImputer_mode,MWMOTE,Test-Precision,97.09,Test,Precision
NaiveBayes,SimpleImputer_mean__SimpleImputer_mode,MWMOTE,Test-Precision,96.44,Test,Precision
KNN,SimpleImputer_mean__SimpleImputer_mode,MWMOTE,Test-Precision,96.45,Test,Precision
SVM,SimpleImputer_mean__SimpleImputer_mode,MWMOTE,Test-Precision,97.07,Test,Precision
RandomForest,SimpleImputer_mean__SimpleImputer_mode,MWMOTE,Test-Precision,97.84,Test,Precision
GradientBoosting,SimpleImputer_mean__SimpleImputer_mode,MWMOTE,Test-Precision,98.39,Test,Precision
Bagging,SimpleImputer_mean__SimpleImputer_mode,MWMOTE,Test-Precision,97.77,Test,Precision
XGBoost,SimpleImputer_mean__SimpleImputer_mode,MWMOTE,Test-Precision,97.73,Test,Precision
LogisticRegression,SimpleImputer_mean__SimpleImputer_mode,ADASYN,Test-Precision,97.23,Test,Precision
DecisionTree,SimpleImputer_mean__SimpleImputer_mode,ADASYN,Test-Precision,96.74,Test,Precision
NaiveBayes,SimpleImputer_mean__SimpleImputer_mode,ADASYN,Test-Precision,96.0,Test,Precision
KNN,SimpleImputer_mean__SimpleImputer_mode,ADASYN,Test-Precision,95.85,Test,Precision
SVM,SimpleImputer_mean__SimpleImputer_mode,ADASYN,Test-Precision,96.22,Test,Precision
RandomForest,SimpleImputer_mean__SimpleImputer_mode,ADASYN,Test-Precision,97.65,Test,Precision
GradientBoosting,SimpleImputer_mean__SimpleImputer_mode,ADASYN,Test-Precision,97.75,Test,Precision
Bagging,SimpleImputer_mean__SimpleImputer_mode,ADASYN,Test-Precision,97.46,Test,Precision
XGBoost,SimpleImputer_mean__SimpleImputer_mode,ADASYN,Test-Precision,97.05,Test,Precision
LogisticRegression,SimpleImputer_mean__SimpleImputer_mode,OriginalData,Test-Precision,96.06,Test,Precision
DecisionTree,SimpleImputer_mean__SimpleImputer_mode,OriginalData,Test-Precision,93.11,Test,Precision
NaiveBayes,SimpleImputer_mean__SimpleImputer_mode,OriginalData,Test-Precision,91.0,Test,Precision
KNN,SimpleImputer_mean__SimpleImputer_mode,OriginalData,Test-Precision,96.36,Test,Precision
SVM,SimpleImputer_mean__SimpleImputer_mode,OriginalData,Test-Precision,95.9,Test,Precision
RandomForest,SimpleImputer_mean__SimpleImputer_mode,OriginalData,Test-Precision,96.11,Test,Precision
GradientBoosting,SimpleImputer_mean__SimpleImputer_mode,OriginalData,Test-Precision,95.91,Test,Precision
Bagging,SimpleImputer_mean__SimpleImputer_mode,OriginalData,Test-Precision,96.21,Test,Precision
XGBoost,SimpleImputer_mean__SimpleImputer_mode,OriginalData,Test-Precision,95.94,Test,Precision
LogisticRegression,SimpleImputer_mean__SimpleImputer_mode,AllKNN,Test-Precision,96.95,Test,Precision
DecisionTree,SimpleImputer_mean__SimpleImputer_mode,AllKNN,Test-Precision,96.5,Test,Precision
NaiveBayes,SimpleImputer_mean__SimpleImputer_mode,AllKNN,Test-Precision,96.47,Test,Precision
KNN,SimpleImputer_mean__SimpleImputer_mode,AllKNN,Test-Precision,95.8,Test,Precision
SVM,SimpleImputer_mean__SimpleImputer_mode,AllKNN,Test-Precision,96.48,Test,Precision
RandomForest,SimpleImputer_mean__SimpleImputer_mode,AllKNN,Test-Precision,95.68,Test,Precision
GradientBoosting,SimpleImputer_mean__SimpleImputer_mode,AllKNN,Test-Precision,96.77,Test,Precision
Bagging,SimpleImputer_mean__SimpleImputer_mode,AllKNN,Test-Precision,96.39,Test,Precision
XGBoost,SimpleImputer_mean__SimpleImputer_mode,AllKNN,Test-Precision,95.81,Test,Precision
LogisticRegression,KNNImptuer__SimpleImputer_mode,SMOTE,Test-Precision,97.32,Test,Precision
DecisionTree,KNNImptuer__SimpleImputer_mode,SMOTE,Test-Precision,96.34,Test,Precision
NaiveBayes,KNNImptuer__SimpleImputer_mode,SMOTE,Test-Precision,96.28,Test,Precision
KNN,KNNImptuer__SimpleImputer_mode,SMOTE,Test-Precision,95.64,Test,Precision
SVM,KNNImptuer__SimpleImputer_mode,SMOTE,Test-Precision,96.86,Test,Precision
RandomForest,KNNImptuer__SimpleImputer_mode,SMOTE,Test-Precision,98.01,Test,Precision
GradientBoosting,KNNImptuer__SimpleImputer_mode,SMOTE,Test-Precision,98.33,Test,Precision
Bagging,KNNImptuer__SimpleImputer_mode,SMOTE,Test-Precision,97.94,Test,Precision
XGBoost,KNNImptuer__SimpleImputer_mode,SMOTE,Test-Precision,97.79,Test,Precision
LogisticRegression,KNNImptuer__SimpleImputer_mode,MWMOTE,Test-Precision,97.83,Test,Precision
DecisionTree,KNNImptuer__SimpleImputer_mode,MWMOTE,Test-Precision,97.32,Test,Precision
NaiveBayes,KNNImptuer__SimpleImputer_mode,MWMOTE,Test-Precision,96.42,Test,Precision
KNN,KNNImptuer__SimpleImputer_mode,MWMOTE,Test-Precision,96.33,Test,Precision
SVM,KNNImptuer__SimpleImputer_mode,MWMOTE,Test-Precision,97.45,Test,Precision
RandomForest,KNNImptuer__SimpleImputer_mode,MWMOTE,Test-Precision,98.12,Test,Precision
GradientBoosting,KNNImptuer__SimpleImputer_mode,MWMOTE,Test-Precision,98.39,Test,Precision
Bagging,KNNImptuer__SimpleImputer_mode,MWMOTE,Test-Precision,97.88,Test,Precision
XGBoost,KNNImptuer__SimpleImputer_mode,MWMOTE,Test-Precision,97.45,Test,Precision
LogisticRegression,KNNImptuer__SimpleImputer_mode,ADASYN,Test-Precision,96.61,Test,Precision
DecisionTree,KNNImptuer__SimpleImputer_mode,ADASYN,Test-Precision,96.62,Test,Precision
NaiveBayes,KNNImptuer__SimpleImputer_mode,ADASYN,Test-Precision,96.64,Test,Precision
KNN,KNNImptuer__SimpleImputer_mode,ADASYN,Test-Precision,95.19,Test,Precision
SVM,KNNImptuer__SimpleImputer_mode,ADASYN,Test-Precision,96.09,Test,Precision
RandomForest,KNNImptuer__SimpleImputer_mode,ADASYN,Test-Precision,97.66,Test,Precision
GradientBoosting,KNNImptuer__SimpleImputer_mode,ADASYN,Test-Precision,98.05,Test,Precision
Bagging,KNNImptuer__SimpleImputer_mode,ADASYN,Test-Precision,97.48,Test,Precision
XGBoost,KNNImptuer__SimpleImputer_mode,ADASYN,Test-Precision,97.09,Test,Precision
LogisticRegression,KNNImptuer__SimpleImputer_mode,OriginalData,Test-Precision,96.05,Test,Precision
DecisionTree,KNNImptuer__SimpleImputer_mode,OriginalData,Test-Precision,92.52,Test,Precision
NaiveBayes,KNNImptuer__SimpleImputer_mode,OriginalData,Test-Precision,91.0,Test,Precision
KNN,KNNImptuer__SimpleImputer_mode,OriginalData,Test-Precision,96.42,Test,Precision
SVM,KNNImptuer__SimpleImputer_mode,OriginalData,Test-Precision,96.23,Test,Precision
RandomForest,KNNImptuer__SimpleImputer_mode,OriginalData,Test-Precision,96.42,Test,Precision
GradientBoosting,KNNImptuer__SimpleImputer_mode,OriginalData,Test-Precision,95.9,Test,Precision
Bagging,KNNImptuer__SimpleImputer_mode,OriginalData,Test-Precision,95.56,Test,Precision
XGBoost,KNNImptuer__SimpleImputer_mode,OriginalData,Test-Precision,95.29,Test,Precision
LogisticRegression,KNNImptuer__SimpleImputer_mode,AllKNN,Test-Precision,94.22,Test,Precision
DecisionTree,KNNImptuer__SimpleImputer_mode,AllKNN,Test-Precision,94.78,Test,Precision
NaiveBayes,KNNImptuer__SimpleImputer_mode,AllKNN,Test-Precision,94.58,Test,Precision
KNN,KNNImptuer__SimpleImputer_mode,AllKNN,Test-Precision,94.16,Test,Precision
SVM,KNNImptuer__SimpleImputer_mode,AllKNN,Test-Precision,93.79,Test,Precision
RandomForest,KNNImptuer__SimpleImputer_mode,AllKNN,Test-Precision,94.0,Test,Precision
GradientBoosting,KNNImptuer__SimpleImputer_mode,AllKNN,Test-Precision,93.32,Test,Precision
Bagging,KNNImptuer__SimpleImputer_mode,AllKNN,Test-Precision,94.86,Test,Precision
XGBoost,KNNImptuer__SimpleImputer_mode,AllKNN,Test-Precision,94.07,Test,Precision
LogisticRegression,SimpleImputer_mean__SimpleImputer_mode,SMOTE,Test-AUC,97.62,Test,AUC
DecisionTree,SimpleImputer_mean__SimpleImputer_mode,SMOTE,Test-AUC,97.31,Test,AUC
NaiveBayes,SimpleImputer_mean__SimpleImputer_mode,SMOTE,Test-AUC,93.34,Test,AUC
KNN,SimpleImputer_mean__SimpleImputer_mode,SMOTE,Test-AUC,96.67,Test,AUC
SVM,SimpleImputer_mean__SimpleImputer_mode,SMOTE,Test-AUC,97.68,Test,AUC
RandomForest,SimpleImputer_mean__SimpleImputer_mode,SMOTE,Test-AUC,98.11,Test,AUC
GradientBoosting,SimpleImputer_mean__SimpleImputer_mode,SMOTE,Test-AUC,98.0,Test,AUC
Bagging,SimpleImputer_mean__SimpleImputer_mode,SMOTE,Test-AUC,98.0,Test,AUC
XGBoost,SimpleImputer_mean__SimpleImputer_mode,SMOTE,Test-AUC,98.05,Test,AUC
LogisticRegression,SimpleImputer_mean__SimpleImputer_mode,MWMOTE,Test-AUC,97.77,Test,AUC
DecisionTree,SimpleImputer_mean__SimpleImputer_mode,MWMOTE,Test-AUC,97.19,Test,AUC
NaiveBayes,SimpleImputer_mean__SimpleImputer_mode,MWMOTE,Test-AUC,93.88,Test,AUC
KNN,SimpleImputer_mean__SimpleImputer_mode,MWMOTE,Test-AUC,97.13,Test,AUC
SVM,SimpleImputer_mean__SimpleImputer_mode,MWMOTE,Test-AUC,97.71,Test,AUC
RandomForest,SimpleImputer_mean__SimpleImputer_mode,MWMOTE,Test-AUC,98.14,Test,AUC
GradientBoosting,SimpleImputer_mean__SimpleImputer_mode,MWMOTE,Test-AUC,98.17,Test,AUC
Bagging,SimpleImputer_mean__SimpleImputer_mode,MWMOTE,Test-AUC,97.77,Test,AUC
XGBoost,SimpleImputer_mean__SimpleImputer_mode,MWMOTE,Test-AUC,98.08,Test,AUC
LogisticRegression,SimpleImputer_mean__SimpleImputer_mode,ADASYN,Test-AUC,97.22,Test,AUC
DecisionTree,SimpleImputer_mean__SimpleImputer_mode,ADASYN,Test-AUC,97.14,Test,AUC
NaiveBayes,SimpleImputer_mean__SimpleImputer_mode,ADASYN,Test-AUC,93.08,Test,AUC
KNN,SimpleImputer_mean__SimpleImputer_mode,ADASYN,Test-AUC,97.12,Test,AUC
SVM,SimpleImputer_mean__SimpleImputer_mode,ADASYN,Test-AUC,97.29,Test,AUC
RandomForest,SimpleImputer_mean__SimpleImputer_mode,ADASYN,Test-AUC,97.97,Test,AUC
GradientBoosting,SimpleImputer_mean__SimpleImputer_mode,ADASYN,Test-AUC,97.68,Test,AUC
Bagging,SimpleImputer_mean__SimpleImputer_mode,ADASYN,Test-AUC,97.48,Test,AUC
XGBoost,SimpleImputer_mean__SimpleImputer_mode,ADASYN,Test-AUC,97.77,Test,AUC
LogisticRegression,SimpleImputer_mean__SimpleImputer_mode,OriginalData,Test-AUC,95.47,Test,AUC
DecisionTree,SimpleImputer_mean__SimpleImputer_mode,OriginalData,Test-AUC,94.37,Test,AUC
NaiveBayes,SimpleImputer_mean__SimpleImputer_mode,OriginalData,Test-AUC,92.54,Test,AUC
KNN,SimpleImputer_mean__SimpleImputer_mode,OriginalData,Test-AUC,93.0,Test,AUC
SVM,SimpleImputer_mean__SimpleImputer_mode,OriginalData,Test-AUC,95.44,Test,AUC
RandomForest,SimpleImputer_mean__SimpleImputer_mode,OriginalData,Test-AUC,96.04,Test,AUC
GradientBoosting,SimpleImputer_mean__SimpleImputer_mode,OriginalData,Test-AUC,95.6,Test,AUC
Bagging,SimpleImputer_mean__SimpleImputer_mode,OriginalData,Test-AUC,95.25,Test,AUC
XGBoost,SimpleImputer_mean__SimpleImputer_mode,OriginalData,Test-AUC,95.93,Test,AUC
LogisticRegression,SimpleImputer_mean__SimpleImputer_mode,AllKNN,Test-AUC,97.65,Test,AUC
DecisionTree,SimpleImputer_mean__SimpleImputer_mode,AllKNN,Test-AUC,95.63,Test,AUC
NaiveBayes,SimpleImputer_mean__SimpleImputer_mode,AllKNN,Test-AUC,93.06,Test,AUC
KNN,SimpleImputer_mean__SimpleImputer_mode,AllKNN,Test-AUC,95.02,Test,AUC
SVM,SimpleImputer_mean__SimpleImputer_mode,AllKNN,Test-AUC,97.7,Test,AUC
RandomForest,SimpleImputer_mean__SimpleImputer_mode,AllKNN,Test-AUC,97.35,Test,AUC
GradientBoosting,SimpleImputer_mean__SimpleImputer_mode,AllKNN,Test-AUC,97.32,Test,AUC
Bagging,SimpleImputer_mean__SimpleImputer_mode,AllKNN,Test-AUC,96.33,Test,AUC
XGBoost,SimpleImputer_mean__SimpleImputer_mode,AllKNN,Test-AUC,97.0,Test,AUC
LogisticRegression,KNNImptuer__SimpleImputer_mode,SMOTE,Test-AUC,97.42,Test,AUC
DecisionTree,KNNImptuer__SimpleImputer_mode,SMOTE,Test-AUC,97.02,Test,AUC
NaiveBayes,KNNImptuer__SimpleImputer_mode,SMOTE,Test-AUC,94.05,Test,AUC
KNN,KNNImptuer__SimpleImputer_mode,SMOTE,Test-AUC,96.62,Test,AUC
SVM,KNNImptuer__SimpleImputer_mode,SMOTE,Test-AUC,97.65,Test,AUC
RandomForest,KNNImptuer__SimpleImputer_mode,SMOTE,Test-AUC,98.34,Test,AUC
GradientBoosting,KNNImptuer__SimpleImputer_mode,SMOTE,Test-AUC,98.02,Test,AUC
Bagging,KNNImptuer__SimpleImputer_mode,SMOTE,Test-AUC,97.88,Test,AUC
XGBoost,KNNImptuer__SimpleImputer_mode,SMOTE,Test-AUC,98.19,Test,AUC
LogisticRegression,KNNImptuer__SimpleImputer_mode,MWMOTE,Test-AUC,97.77,Test,AUC
DecisionTree,KNNImptuer__SimpleImputer_mode,MWMOTE,Test-AUC,97.39,Test,AUC
NaiveBayes,KNNImptuer__SimpleImputer_mode,MWMOTE,Test-AUC,93.68,Test,AUC
KNN,KNNImptuer__SimpleImputer_mode,MWMOTE,Test-AUC,96.88,Test,AUC
SVM,KNNImptuer__SimpleImputer_mode,MWMOTE,Test-AUC,97.79,Test,AUC
RandomForest,KNNImptuer__SimpleImputer_mode,MWMOTE,Test-AUC,98.17,Test,AUC
GradientBoosting,KNNImptuer__SimpleImputer_mode,MWMOTE,Test-AUC,98.14,Test,AUC
Bagging,KNNImptuer__SimpleImputer_mode,MWMOTE,Test-AUC,97.82,Test,AUC
XGBoost,KNNImptuer__SimpleImputer_mode,MWMOTE,Test-AUC,97.91,Test,AUC
LogisticRegression,KNNImptuer__SimpleImputer_mode,ADASYN,Test-AUC,97.19,Test,AUC
DecisionTree,KNNImptuer__SimpleImputer_mode,ADASYN,Test-AUC,97.28,Test,AUC
NaiveBayes,KNNImptuer__SimpleImputer_mode,ADASYN,Test-AUC,94.41,Test,AUC
KNN,KNNImptuer__SimpleImputer_mode,ADASYN,Test-AUC,96.76,Test,AUC
SVM,KNNImptuer__SimpleImputer_mode,ADASYN,Test-AUC,97.51,Test,AUC
RandomForest,KNNImptuer__SimpleImputer_mode,ADASYN,Test-AUC,98.2,Test,AUC
GradientBoosting,KNNImptuer__SimpleImputer_mode,ADASYN,Test-AUC,97.98,Test,AUC
Bagging,KNNImptuer__SimpleImputer_mode,ADASYN,Test-AUC,97.91,Test,AUC
XGBoost,KNNImptuer__SimpleImputer_mode,ADASYN,Test-AUC,97.83,Test,AUC
LogisticRegression,KNNImptuer__SimpleImputer_mode,OriginalData,Test-AUC,95.38,Test,AUC
DecisionTree,KNNImptuer__SimpleImputer_mode,OriginalData,Test-AUC,94.5,Test,AUC
NaiveBayes,KNNImptuer__SimpleImputer_mode,OriginalData,Test-AUC,92.54,Test,AUC
KNN,KNNImptuer__SimpleImputer_mode,OriginalData,Test-AUC,93.74,Test,AUC
SVM,KNNImptuer__SimpleImputer_mode,OriginalData,Test-AUC,95.58,Test,AUC
RandomForest,KNNImptuer__SimpleImputer_mode,OriginalData,Test-AUC,95.85,Test,AUC
GradientBoosting,KNNImptuer__SimpleImputer_mode,OriginalData,Test-AUC,95.52,Test,AUC
Bagging,KNNImptuer__SimpleImputer_mode,OriginalData,Test-AUC,95.21,Test,AUC
XGBoost,KNNImptuer__SimpleImputer_mode,OriginalData,Test-AUC,95.73,Test,AUC
LogisticRegression,KNNImptuer__SimpleImputer_mode,AllKNN,Test-AUC,96.45,Test,AUC
DecisionTree,KNNImptuer__SimpleImputer_mode,AllKNN,Test-AUC,95.93,Test,AUC
NaiveBayes,KNNImptuer__SimpleImputer_mode,AllKNN,Test-AUC,92.56,Test,AUC
KNN,KNNImptuer__SimpleImputer_mode,AllKNN,Test-AUC,94.58,Test,AUC
SVM,KNNImptuer__SimpleImputer_mode,AllKNN,Test-AUC,96.68,Test,AUC
RandomForest,KNNImptuer__SimpleImputer_mode,AllKNN,Test-AUC,97.19,Test,AUC
GradientBoosting,KNNImptuer__SimpleImputer_mode,AllKNN,Test-AUC,96.48,Test,AUC
Bagging,KNNImptuer__SimpleImputer_mode,AllKNN,Test-AUC,96.72,Test,AUC
XGBoost,KNNImptuer__SimpleImputer_mode,AllKNN,Test-AUC,96.47,Test,AUC
