Algorithm,Imputer,Imbalance,Metric,Score
LogisticRegression,SimpleImputer_mean__SimpleImputer_mode,SMOTE,Train-F-1,97.54
DecisionTree,SimpleImputer_mean__SimpleImputer_mode,SMOTE,Train-F-1,100.0
NaiveBayes,SimpleImputer_mean__SimpleImputer_mode,SMOTE,Train-F-1,93.55
KNN,SimpleImputer_mean__SimpleImputer_mode,SMOTE,Train-F-1,98.14
SVM,SimpleImputer_mean__SimpleImputer_mode,SMOTE,Train-F-1,98.3
LogisticRegression,SimpleImputer_mean__SimpleImputer_mode,ADASYN,Train-F-1,97.54
DecisionTree,SimpleImputer_mean__SimpleImputer_mode,ADASYN,Train-F-1,100.0
NaiveBayes,SimpleImputer_mean__SimpleImputer_mode,ADASYN,Train-F-1,93.55
KNN,SimpleImputer_mean__SimpleImputer_mode,ADASYN,Train-F-1,98.14
SVM,SimpleImputer_mean__SimpleImputer_mode,ADASYN,Train-F-1,98.3
LogisticRegression,SimpleImputer_mean__SimpleImputer_mode,OriginalData,Train-F-1,97.54
DecisionTree,SimpleImputer_mean__SimpleImputer_mode,OriginalData,Train-F-1,100.0
NaiveBayes,SimpleImputer_mean__SimpleImputer_mode,OriginalData,Train-F-1,93.55
KNN,SimpleImputer_mean__SimpleImputer_mode,OriginalData,Train-F-1,98.14
SVM,SimpleImputer_mean__SimpleImputer_mode,OriginalData,Train-F-1,98.3
LogisticRegression,SimpleImputer_mean__SimpleImputer_mode,ClusterCentroids,Train-F-1,97.68
DecisionTree,SimpleImputer_mean__SimpleImputer_mode,ClusterCentroids,Train-F-1,100.0
NaiveBayes,SimpleImputer_mean__SimpleImputer_mode,ClusterCentroids,Train-F-1,93.81
KNN,SimpleImputer_mean__SimpleImputer_mode,ClusterCentroids,Train-F-1,98.14
SVM,SimpleImputer_mean__SimpleImputer_mode,ClusterCentroids,Train-F-1,98.26
LogisticRegression,KNNImptuer__SimpleImputer_mode,SMOTE,Train-F-1,97.51
DecisionTree,KNNImptuer__SimpleImputer_mode,SMOTE,Train-F-1,100.0
NaiveBayes,KNNImptuer__SimpleImputer_mode,SMOTE,Train-F-1,93.54
KNN,KNNImptuer__SimpleImputer_mode,SMOTE,Train-F-1,98.22
SVM,KNNImptuer__SimpleImputer_mode,SMOTE,Train-F-1,98.32
LogisticRegression,KNNImptuer__SimpleImputer_mode,ADASYN,Train-F-1,97.51
DecisionTree,KNNImptuer__SimpleImputer_mode,ADASYN,Train-F-1,100.0
NaiveBayes,KNNImptuer__SimpleImputer_mode,ADASYN,Train-F-1,93.54
KNN,KNNImptuer__SimpleImputer_mode,ADASYN,Train-F-1,98.22
SVM,KNNImptuer__SimpleImputer_mode,ADASYN,Train-F-1,98.32
LogisticRegression,KNNImptuer__SimpleImputer_mode,OriginalData,Train-F-1,97.51
DecisionTree,KNNImptuer__SimpleImputer_mode,OriginalData,Train-F-1,100.0
NaiveBayes,KNNImptuer__SimpleImputer_mode,OriginalData,Train-F-1,93.54
KNN,KNNImptuer__SimpleImputer_mode,OriginalData,Train-F-1,98.22
SVM,KNNImptuer__SimpleImputer_mode,OriginalData,Train-F-1,98.32
LogisticRegression,KNNImptuer__SimpleImputer_mode,ClusterCentroids,Train-F-1,97.63
DecisionTree,KNNImptuer__SimpleImputer_mode,ClusterCentroids,Train-F-1,100.0
NaiveBayes,KNNImptuer__SimpleImputer_mode,ClusterCentroids,Train-F-1,93.83
KNN,KNNImptuer__SimpleImputer_mode,ClusterCentroids,Train-F-1,98.31
SVM,KNNImptuer__SimpleImputer_mode,ClusterCentroids,Train-F-1,98.33
LogisticRegression,SimpleImputer_mean__SimpleImputer_mode,SMOTE,Train-Accuracy,97.55
DecisionTree,SimpleImputer_mean__SimpleImputer_mode,SMOTE,Train-Accuracy,100.0
NaiveBayes,SimpleImputer_mean__SimpleImputer_mode,SMOTE,Train-Accuracy,93.73
KNN,SimpleImputer_mean__SimpleImputer_mode,SMOTE,Train-Accuracy,98.12
SVM,SimpleImputer_mean__SimpleImputer_mode,SMOTE,Train-Accuracy,98.3
LogisticRegression,SimpleImputer_mean__SimpleImputer_mode,ADASYN,Train-Accuracy,97.55
DecisionTree,SimpleImputer_mean__SimpleImputer_mode,ADASYN,Train-Accuracy,100.0
NaiveBayes,SimpleImputer_mean__SimpleImputer_mode,ADASYN,Train-Accuracy,93.73
KNN,SimpleImputer_mean__SimpleImputer_mode,ADASYN,Train-Accuracy,98.12
SVM,SimpleImputer_mean__SimpleImputer_mode,ADASYN,Train-Accuracy,98.3
LogisticRegression,SimpleImputer_mean__SimpleImputer_mode,OriginalData,Train-Accuracy,97.55
DecisionTree,SimpleImputer_mean__SimpleImputer_mode,OriginalData,Train-Accuracy,100.0
NaiveBayes,SimpleImputer_mean__SimpleImputer_mode,OriginalData,Train-Accuracy,93.73
KNN,SimpleImputer_mean__SimpleImputer_mode,OriginalData,Train-Accuracy,98.12
SVM,SimpleImputer_mean__SimpleImputer_mode,OriginalData,Train-Accuracy,98.3
LogisticRegression,SimpleImputer_mean__SimpleImputer_mode,ClusterCentroids,Train-Accuracy,97.69
DecisionTree,SimpleImputer_mean__SimpleImputer_mode,ClusterCentroids,Train-Accuracy,100.0
NaiveBayes,SimpleImputer_mean__SimpleImputer_mode,ClusterCentroids,Train-Accuracy,93.96
KNN,SimpleImputer_mean__SimpleImputer_mode,ClusterCentroids,Train-Accuracy,98.12
SVM,SimpleImputer_mean__SimpleImputer_mode,ClusterCentroids,Train-Accuracy,98.26
LogisticRegression,KNNImptuer__SimpleImputer_mode,SMOTE,Train-Accuracy,97.52
DecisionTree,KNNImptuer__SimpleImputer_mode,SMOTE,Train-Accuracy,100.0
NaiveBayes,KNNImptuer__SimpleImputer_mode,SMOTE,Train-Accuracy,93.73
KNN,KNNImptuer__SimpleImputer_mode,SMOTE,Train-Accuracy,98.2
SVM,KNNImptuer__SimpleImputer_mode,SMOTE,Train-Accuracy,98.31
LogisticRegression,KNNImptuer__SimpleImputer_mode,ADASYN,Train-Accuracy,97.52
DecisionTree,KNNImptuer__SimpleImputer_mode,ADASYN,Train-Accuracy,100.0
NaiveBayes,KNNImptuer__SimpleImputer_mode,ADASYN,Train-Accuracy,93.73
KNN,KNNImptuer__SimpleImputer_mode,ADASYN,Train-Accuracy,98.2
SVM,KNNImptuer__SimpleImputer_mode,ADASYN,Train-Accuracy,98.31
LogisticRegression,KNNImptuer__SimpleImputer_mode,OriginalData,Train-Accuracy,97.52
DecisionTree,KNNImptuer__SimpleImputer_mode,OriginalData,Train-Accuracy,100.0
NaiveBayes,KNNImptuer__SimpleImputer_mode,OriginalData,Train-Accuracy,93.73
KNN,KNNImptuer__SimpleImputer_mode,OriginalData,Train-Accuracy,98.2
SVM,KNNImptuer__SimpleImputer_mode,OriginalData,Train-Accuracy,98.31
LogisticRegression,KNNImptuer__SimpleImputer_mode,ClusterCentroids,Train-Accuracy,97.64
DecisionTree,KNNImptuer__SimpleImputer_mode,ClusterCentroids,Train-Accuracy,100.0
NaiveBayes,KNNImptuer__SimpleImputer_mode,ClusterCentroids,Train-Accuracy,93.98
KNN,KNNImptuer__SimpleImputer_mode,ClusterCentroids,Train-Accuracy,98.3
SVM,KNNImptuer__SimpleImputer_mode,ClusterCentroids,Train-Accuracy,98.32
LogisticRegression,SimpleImputer_mean__SimpleImputer_mode,SMOTE,Train-Kappa,95.1
DecisionTree,SimpleImputer_mean__SimpleImputer_mode,SMOTE,Train-Kappa,100.0
NaiveBayes,SimpleImputer_mean__SimpleImputer_mode,SMOTE,Train-Kappa,87.47
KNN,SimpleImputer_mean__SimpleImputer_mode,SMOTE,Train-Kappa,96.25
SVM,SimpleImputer_mean__SimpleImputer_mode,SMOTE,Train-Kappa,96.59
LogisticRegression,SimpleImputer_mean__SimpleImputer_mode,ADASYN,Train-Kappa,95.1
DecisionTree,SimpleImputer_mean__SimpleImputer_mode,ADASYN,Train-Kappa,100.0
NaiveBayes,SimpleImputer_mean__SimpleImputer_mode,ADASYN,Train-Kappa,87.47
KNN,SimpleImputer_mean__SimpleImputer_mode,ADASYN,Train-Kappa,96.25
SVM,SimpleImputer_mean__SimpleImputer_mode,ADASYN,Train-Kappa,96.59
LogisticRegression,SimpleImputer_mean__SimpleImputer_mode,OriginalData,Train-Kappa,95.1
DecisionTree,SimpleImputer_mean__SimpleImputer_mode,OriginalData,Train-Kappa,100.0
NaiveBayes,SimpleImputer_mean__SimpleImputer_mode,OriginalData,Train-Kappa,87.47
KNN,SimpleImputer_mean__SimpleImputer_mode,OriginalData,Train-Kappa,96.25
SVM,SimpleImputer_mean__SimpleImputer_mode,OriginalData,Train-Kappa,96.59
LogisticRegression,SimpleImputer_mean__SimpleImputer_mode,ClusterCentroids,Train-Kappa,95.37
DecisionTree,SimpleImputer_mean__SimpleImputer_mode,ClusterCentroids,Train-Kappa,100.0
NaiveBayes,SimpleImputer_mean__SimpleImputer_mode,ClusterCentroids,Train-Kappa,87.93
KNN,SimpleImputer_mean__SimpleImputer_mode,ClusterCentroids,Train-Kappa,96.25
SVM,SimpleImputer_mean__SimpleImputer_mode,ClusterCentroids,Train-Kappa,96.52
LogisticRegression,KNNImptuer__SimpleImputer_mode,SMOTE,Train-Kappa,95.04
DecisionTree,KNNImptuer__SimpleImputer_mode,SMOTE,Train-Kappa,100.0
NaiveBayes,KNNImptuer__SimpleImputer_mode,SMOTE,Train-Kappa,87.45
KNN,KNNImptuer__SimpleImputer_mode,SMOTE,Train-Kappa,96.41
SVM,KNNImptuer__SimpleImputer_mode,SMOTE,Train-Kappa,96.62
LogisticRegression,KNNImptuer__SimpleImputer_mode,ADASYN,Train-Kappa,95.04
DecisionTree,KNNImptuer__SimpleImputer_mode,ADASYN,Train-Kappa,100.0
NaiveBayes,KNNImptuer__SimpleImputer_mode,ADASYN,Train-Kappa,87.45
KNN,KNNImptuer__SimpleImputer_mode,ADASYN,Train-Kappa,96.41
SVM,KNNImptuer__SimpleImputer_mode,ADASYN,Train-Kappa,96.62
LogisticRegression,KNNImptuer__SimpleImputer_mode,OriginalData,Train-Kappa,95.04
DecisionTree,KNNImptuer__SimpleImputer_mode,OriginalData,Train-Kappa,100.0
NaiveBayes,KNNImptuer__SimpleImputer_mode,OriginalData,Train-Kappa,87.45
KNN,KNNImptuer__SimpleImputer_mode,OriginalData,Train-Kappa,96.41
SVM,KNNImptuer__SimpleImputer_mode,OriginalData,Train-Kappa,96.62
LogisticRegression,KNNImptuer__SimpleImputer_mode,ClusterCentroids,Train-Kappa,95.29
DecisionTree,KNNImptuer__SimpleImputer_mode,ClusterCentroids,Train-Kappa,100.0
NaiveBayes,KNNImptuer__SimpleImputer_mode,ClusterCentroids,Train-Kappa,87.97
KNN,KNNImptuer__SimpleImputer_mode,ClusterCentroids,Train-Kappa,96.59
SVM,KNNImptuer__SimpleImputer_mode,ClusterCentroids,Train-Kappa,96.65
LogisticRegression,SimpleImputer_mean__SimpleImputer_mode,SMOTE,Train-TP,6782.0
DecisionTree,SimpleImputer_mean__SimpleImputer_mode,SMOTE,Train-TP,6977.0
NaiveBayes,SimpleImputer_mean__SimpleImputer_mode,SMOTE,Train-TP,6350.0
KNN,SimpleImputer_mean__SimpleImputer_mode,SMOTE,Train-TP,6903.0
SVM,SimpleImputer_mean__SimpleImputer_mode,SMOTE,Train-TP,6882.0
LogisticRegression,SimpleImputer_mean__SimpleImputer_mode,ADASYN,Train-TP,6782.0
DecisionTree,SimpleImputer_mean__SimpleImputer_mode,ADASYN,Train-TP,6977.0
NaiveBayes,SimpleImputer_mean__SimpleImputer_mode,ADASYN,Train-TP,6350.0
KNN,SimpleImputer_mean__SimpleImputer_mode,ADASYN,Train-TP,6903.0
SVM,SimpleImputer_mean__SimpleImputer_mode,ADASYN,Train-TP,6882.0
LogisticRegression,SimpleImputer_mean__SimpleImputer_mode,OriginalData,Train-TP,6782.0
DecisionTree,SimpleImputer_mean__SimpleImputer_mode,OriginalData,Train-TP,6977.0
NaiveBayes,SimpleImputer_mean__SimpleImputer_mode,OriginalData,Train-TP,6350.0
KNN,SimpleImputer_mean__SimpleImputer_mode,OriginalData,Train-TP,6903.0
SVM,SimpleImputer_mean__SimpleImputer_mode,OriginalData,Train-TP,6882.0
LogisticRegression,SimpleImputer_mean__SimpleImputer_mode,ClusterCentroids,Train-TP,6790.0
DecisionTree,SimpleImputer_mean__SimpleImputer_mode,ClusterCentroids,Train-TP,6988.0
NaiveBayes,SimpleImputer_mean__SimpleImputer_mode,ClusterCentroids,Train-TP,6385.0
KNN,SimpleImputer_mean__SimpleImputer_mode,ClusterCentroids,Train-TP,6919.0
SVM,SimpleImputer_mean__SimpleImputer_mode,ClusterCentroids,Train-TP,6875.0
LogisticRegression,KNNImptuer__SimpleImputer_mode,SMOTE,Train-TP,6782.0
DecisionTree,KNNImptuer__SimpleImputer_mode,SMOTE,Train-TP,6977.0
NaiveBayes,KNNImptuer__SimpleImputer_mode,SMOTE,Train-TP,6347.0
KNN,KNNImptuer__SimpleImputer_mode,SMOTE,Train-TP,6909.0
SVM,KNNImptuer__SimpleImputer_mode,SMOTE,Train-TP,6886.0
LogisticRegression,KNNImptuer__SimpleImputer_mode,ADASYN,Train-TP,6782.0
DecisionTree,KNNImptuer__SimpleImputer_mode,ADASYN,Train-TP,6977.0
NaiveBayes,KNNImptuer__SimpleImputer_mode,ADASYN,Train-TP,6347.0
KNN,KNNImptuer__SimpleImputer_mode,ADASYN,Train-TP,6909.0
SVM,KNNImptuer__SimpleImputer_mode,ADASYN,Train-TP,6886.0
LogisticRegression,KNNImptuer__SimpleImputer_mode,OriginalData,Train-TP,6782.0
DecisionTree,KNNImptuer__SimpleImputer_mode,OriginalData,Train-TP,6977.0
NaiveBayes,KNNImptuer__SimpleImputer_mode,OriginalData,Train-TP,6347.0
KNN,KNNImptuer__SimpleImputer_mode,OriginalData,Train-TP,6909.0
SVM,KNNImptuer__SimpleImputer_mode,OriginalData,Train-TP,6886.0
LogisticRegression,KNNImptuer__SimpleImputer_mode,ClusterCentroids,Train-TP,6786.0
DecisionTree,KNNImptuer__SimpleImputer_mode,ClusterCentroids,Train-TP,6988.0
NaiveBayes,KNNImptuer__SimpleImputer_mode,ClusterCentroids,Train-TP,6388.0
KNN,KNNImptuer__SimpleImputer_mode,ClusterCentroids,Train-TP,6930.0
SVM,KNNImptuer__SimpleImputer_mode,ClusterCentroids,Train-TP,6882.0
LogisticRegression,SimpleImputer_mean__SimpleImputer_mode,SMOTE,Train-FP,147.0
DecisionTree,SimpleImputer_mean__SimpleImputer_mode,SMOTE,Train-FP,0.0
NaiveBayes,SimpleImputer_mean__SimpleImputer_mode,SMOTE,Train-FP,248.0
KNN,SimpleImputer_mean__SimpleImputer_mode,SMOTE,Train-FP,188.0
SVM,SimpleImputer_mean__SimpleImputer_mode,SMOTE,Train-FP,143.0
LogisticRegression,SimpleImputer_mean__SimpleImputer_mode,ADASYN,Train-FP,147.0
DecisionTree,SimpleImputer_mean__SimpleImputer_mode,ADASYN,Train-FP,0.0
NaiveBayes,SimpleImputer_mean__SimpleImputer_mode,ADASYN,Train-FP,248.0
KNN,SimpleImputer_mean__SimpleImputer_mode,ADASYN,Train-FP,188.0
SVM,SimpleImputer_mean__SimpleImputer_mode,ADASYN,Train-FP,143.0
LogisticRegression,SimpleImputer_mean__SimpleImputer_mode,OriginalData,Train-FP,147.0
DecisionTree,SimpleImputer_mean__SimpleImputer_mode,OriginalData,Train-FP,0.0
NaiveBayes,SimpleImputer_mean__SimpleImputer_mode,OriginalData,Train-FP,248.0
KNN,SimpleImputer_mean__SimpleImputer_mode,OriginalData,Train-FP,188.0
SVM,SimpleImputer_mean__SimpleImputer_mode,OriginalData,Train-FP,143.0
LogisticRegression,SimpleImputer_mean__SimpleImputer_mode,ClusterCentroids,Train-FP,125.0
DecisionTree,SimpleImputer_mean__SimpleImputer_mode,ClusterCentroids,Train-FP,0.0
NaiveBayes,SimpleImputer_mean__SimpleImputer_mode,ClusterCentroids,Train-FP,240.0
KNN,SimpleImputer_mean__SimpleImputer_mode,ClusterCentroids,Train-FP,193.0
SVM,SimpleImputer_mean__SimpleImputer_mode,ClusterCentroids,Train-FP,130.0
LogisticRegression,KNNImptuer__SimpleImputer_mode,SMOTE,Train-FP,151.0
DecisionTree,KNNImptuer__SimpleImputer_mode,SMOTE,Train-FP,0.0
NaiveBayes,KNNImptuer__SimpleImputer_mode,SMOTE,Train-FP,246.0
KNN,KNNImptuer__SimpleImputer_mode,SMOTE,Train-FP,183.0
SVM,KNNImptuer__SimpleImputer_mode,SMOTE,Train-FP,145.0
LogisticRegression,KNNImptuer__SimpleImputer_mode,ADASYN,Train-FP,151.0
DecisionTree,KNNImptuer__SimpleImputer_mode,ADASYN,Train-FP,0.0
NaiveBayes,KNNImptuer__SimpleImputer_mode,ADASYN,Train-FP,246.0
KNN,KNNImptuer__SimpleImputer_mode,ADASYN,Train-FP,183.0
SVM,KNNImptuer__SimpleImputer_mode,ADASYN,Train-FP,145.0
LogisticRegression,KNNImptuer__SimpleImputer_mode,OriginalData,Train-FP,151.0
DecisionTree,KNNImptuer__SimpleImputer_mode,OriginalData,Train-FP,0.0
NaiveBayes,KNNImptuer__SimpleImputer_mode,OriginalData,Train-FP,246.0
KNN,KNNImptuer__SimpleImputer_mode,OriginalData,Train-FP,183.0
SVM,KNNImptuer__SimpleImputer_mode,OriginalData,Train-FP,145.0
LogisticRegression,KNNImptuer__SimpleImputer_mode,ClusterCentroids,Train-FP,127.0
DecisionTree,KNNImptuer__SimpleImputer_mode,ClusterCentroids,Train-FP,0.0
NaiveBayes,KNNImptuer__SimpleImputer_mode,ClusterCentroids,Train-FP,240.0
KNN,KNNImptuer__SimpleImputer_mode,ClusterCentroids,Train-FP,180.0
SVM,KNNImptuer__SimpleImputer_mode,ClusterCentroids,Train-FP,128.0
LogisticRegression,SimpleImputer_mean__SimpleImputer_mode,SMOTE,Train-TN,6840.0
DecisionTree,SimpleImputer_mean__SimpleImputer_mode,SMOTE,Train-TN,6987.0
NaiveBayes,SimpleImputer_mean__SimpleImputer_mode,SMOTE,Train-TN,6739.0
KNN,SimpleImputer_mean__SimpleImputer_mode,SMOTE,Train-TN,6799.0
SVM,SimpleImputer_mean__SimpleImputer_mode,SMOTE,Train-TN,6844.0
LogisticRegression,SimpleImputer_mean__SimpleImputer_mode,ADASYN,Train-TN,6840.0
DecisionTree,SimpleImputer_mean__SimpleImputer_mode,ADASYN,Train-TN,6987.0
NaiveBayes,SimpleImputer_mean__SimpleImputer_mode,ADASYN,Train-TN,6739.0
KNN,SimpleImputer_mean__SimpleImputer_mode,ADASYN,Train-TN,6799.0
SVM,SimpleImputer_mean__SimpleImputer_mode,ADASYN,Train-TN,6844.0
LogisticRegression,SimpleImputer_mean__SimpleImputer_mode,OriginalData,Train-TN,6840.0
DecisionTree,SimpleImputer_mean__SimpleImputer_mode,OriginalData,Train-TN,6987.0
NaiveBayes,SimpleImputer_mean__SimpleImputer_mode,OriginalData,Train-TN,6739.0
KNN,SimpleImputer_mean__SimpleImputer_mode,OriginalData,Train-TN,6799.0
SVM,SimpleImputer_mean__SimpleImputer_mode,OriginalData,Train-TN,6844.0
LogisticRegression,SimpleImputer_mean__SimpleImputer_mode,ClusterCentroids,Train-TN,6851.0
DecisionTree,SimpleImputer_mean__SimpleImputer_mode,ClusterCentroids,Train-TN,6976.0
NaiveBayes,SimpleImputer_mean__SimpleImputer_mode,ClusterCentroids,Train-TN,6736.0
KNN,SimpleImputer_mean__SimpleImputer_mode,ClusterCentroids,Train-TN,6783.0
SVM,SimpleImputer_mean__SimpleImputer_mode,ClusterCentroids,Train-TN,6846.0
LogisticRegression,KNNImptuer__SimpleImputer_mode,SMOTE,Train-TN,6836.0
DecisionTree,KNNImptuer__SimpleImputer_mode,SMOTE,Train-TN,6987.0
NaiveBayes,KNNImptuer__SimpleImputer_mode,SMOTE,Train-TN,6741.0
KNN,KNNImptuer__SimpleImputer_mode,SMOTE,Train-TN,6804.0
SVM,KNNImptuer__SimpleImputer_mode,SMOTE,Train-TN,6842.0
LogisticRegression,KNNImptuer__SimpleImputer_mode,ADASYN,Train-TN,6836.0
DecisionTree,KNNImptuer__SimpleImputer_mode,ADASYN,Train-TN,6987.0
NaiveBayes,KNNImptuer__SimpleImputer_mode,ADASYN,Train-TN,6741.0
KNN,KNNImptuer__SimpleImputer_mode,ADASYN,Train-TN,6804.0
SVM,KNNImptuer__SimpleImputer_mode,ADASYN,Train-TN,6842.0
LogisticRegression,KNNImptuer__SimpleImputer_mode,OriginalData,Train-TN,6836.0
DecisionTree,KNNImptuer__SimpleImputer_mode,OriginalData,Train-TN,6987.0
NaiveBayes,KNNImptuer__SimpleImputer_mode,OriginalData,Train-TN,6741.0
KNN,KNNImptuer__SimpleImputer_mode,OriginalData,Train-TN,6804.0
SVM,KNNImptuer__SimpleImputer_mode,OriginalData,Train-TN,6842.0
LogisticRegression,KNNImptuer__SimpleImputer_mode,ClusterCentroids,Train-TN,6849.0
DecisionTree,KNNImptuer__SimpleImputer_mode,ClusterCentroids,Train-TN,6976.0
NaiveBayes,KNNImptuer__SimpleImputer_mode,ClusterCentroids,Train-TN,6736.0
KNN,KNNImptuer__SimpleImputer_mode,ClusterCentroids,Train-TN,6796.0
SVM,KNNImptuer__SimpleImputer_mode,ClusterCentroids,Train-TN,6848.0
LogisticRegression,SimpleImputer_mean__SimpleImputer_mode,SMOTE,Train-FN,195.0
DecisionTree,SimpleImputer_mean__SimpleImputer_mode,SMOTE,Train-FN,0.0
NaiveBayes,SimpleImputer_mean__SimpleImputer_mode,SMOTE,Train-FN,627.0
KNN,SimpleImputer_mean__SimpleImputer_mode,SMOTE,Train-FN,74.0
SVM,SimpleImputer_mean__SimpleImputer_mode,SMOTE,Train-FN,95.0
LogisticRegression,SimpleImputer_mean__SimpleImputer_mode,ADASYN,Train-FN,195.0
DecisionTree,SimpleImputer_mean__SimpleImputer_mode,ADASYN,Train-FN,0.0
NaiveBayes,SimpleImputer_mean__SimpleImputer_mode,ADASYN,Train-FN,627.0
KNN,SimpleImputer_mean__SimpleImputer_mode,ADASYN,Train-FN,74.0
SVM,SimpleImputer_mean__SimpleImputer_mode,ADASYN,Train-FN,95.0
LogisticRegression,SimpleImputer_mean__SimpleImputer_mode,OriginalData,Train-FN,195.0
DecisionTree,SimpleImputer_mean__SimpleImputer_mode,OriginalData,Train-FN,0.0
NaiveBayes,SimpleImputer_mean__SimpleImputer_mode,OriginalData,Train-FN,627.0
KNN,SimpleImputer_mean__SimpleImputer_mode,OriginalData,Train-FN,74.0
SVM,SimpleImputer_mean__SimpleImputer_mode,OriginalData,Train-FN,95.0
LogisticRegression,SimpleImputer_mean__SimpleImputer_mode,ClusterCentroids,Train-FN,198.0
DecisionTree,SimpleImputer_mean__SimpleImputer_mode,ClusterCentroids,Train-FN,0.0
NaiveBayes,SimpleImputer_mean__SimpleImputer_mode,ClusterCentroids,Train-FN,603.0
KNN,SimpleImputer_mean__SimpleImputer_mode,ClusterCentroids,Train-FN,69.0
SVM,SimpleImputer_mean__SimpleImputer_mode,ClusterCentroids,Train-FN,113.0
LogisticRegression,KNNImptuer__SimpleImputer_mode,SMOTE,Train-FN,195.0
DecisionTree,KNNImptuer__SimpleImputer_mode,SMOTE,Train-FN,0.0
NaiveBayes,KNNImptuer__SimpleImputer_mode,SMOTE,Train-FN,630.0
KNN,KNNImptuer__SimpleImputer_mode,SMOTE,Train-FN,68.0
SVM,KNNImptuer__SimpleImputer_mode,SMOTE,Train-FN,91.0
LogisticRegression,KNNImptuer__SimpleImputer_mode,ADASYN,Train-FN,195.0
DecisionTree,KNNImptuer__SimpleImputer_mode,ADASYN,Train-FN,0.0
NaiveBayes,KNNImptuer__SimpleImputer_mode,ADASYN,Train-FN,630.0
KNN,KNNImptuer__SimpleImputer_mode,ADASYN,Train-FN,68.0
SVM,KNNImptuer__SimpleImputer_mode,ADASYN,Train-FN,91.0
LogisticRegression,KNNImptuer__SimpleImputer_mode,OriginalData,Train-FN,195.0
DecisionTree,KNNImptuer__SimpleImputer_mode,OriginalData,Train-FN,0.0
NaiveBayes,KNNImptuer__SimpleImputer_mode,OriginalData,Train-FN,630.0
KNN,KNNImptuer__SimpleImputer_mode,OriginalData,Train-FN,68.0
SVM,KNNImptuer__SimpleImputer_mode,OriginalData,Train-FN,91.0
LogisticRegression,KNNImptuer__SimpleImputer_mode,ClusterCentroids,Train-FN,202.0
DecisionTree,KNNImptuer__SimpleImputer_mode,ClusterCentroids,Train-FN,0.0
NaiveBayes,KNNImptuer__SimpleImputer_mode,ClusterCentroids,Train-FN,600.0
KNN,KNNImptuer__SimpleImputer_mode,ClusterCentroids,Train-FN,58.0
SVM,KNNImptuer__SimpleImputer_mode,ClusterCentroids,Train-FN,106.0
LogisticRegression,SimpleImputer_mean__SimpleImputer_mode,SMOTE,Train-Recall,97.21
DecisionTree,SimpleImputer_mean__SimpleImputer_mode,SMOTE,Train-Recall,100.0
NaiveBayes,SimpleImputer_mean__SimpleImputer_mode,SMOTE,Train-Recall,91.01
KNN,SimpleImputer_mean__SimpleImputer_mode,SMOTE,Train-Recall,98.94
SVM,SimpleImputer_mean__SimpleImputer_mode,SMOTE,Train-Recall,98.64
LogisticRegression,SimpleImputer_mean__SimpleImputer_mode,ADASYN,Train-Recall,97.21
DecisionTree,SimpleImputer_mean__SimpleImputer_mode,ADASYN,Train-Recall,100.0
NaiveBayes,SimpleImputer_mean__SimpleImputer_mode,ADASYN,Train-Recall,91.01
KNN,SimpleImputer_mean__SimpleImputer_mode,ADASYN,Train-Recall,98.94
SVM,SimpleImputer_mean__SimpleImputer_mode,ADASYN,Train-Recall,98.64
LogisticRegression,SimpleImputer_mean__SimpleImputer_mode,OriginalData,Train-Recall,97.21
DecisionTree,SimpleImputer_mean__SimpleImputer_mode,OriginalData,Train-Recall,100.0
NaiveBayes,SimpleImputer_mean__SimpleImputer_mode,OriginalData,Train-Recall,91.01
KNN,SimpleImputer_mean__SimpleImputer_mode,OriginalData,Train-Recall,98.94
SVM,SimpleImputer_mean__SimpleImputer_mode,OriginalData,Train-Recall,98.64
LogisticRegression,SimpleImputer_mean__SimpleImputer_mode,ClusterCentroids,Train-Recall,97.17
DecisionTree,SimpleImputer_mean__SimpleImputer_mode,ClusterCentroids,Train-Recall,100.0
NaiveBayes,SimpleImputer_mean__SimpleImputer_mode,ClusterCentroids,Train-Recall,91.37
KNN,SimpleImputer_mean__SimpleImputer_mode,ClusterCentroids,Train-Recall,99.01
SVM,SimpleImputer_mean__SimpleImputer_mode,ClusterCentroids,Train-Recall,98.38
LogisticRegression,KNNImptuer__SimpleImputer_mode,SMOTE,Train-Recall,97.21
DecisionTree,KNNImptuer__SimpleImputer_mode,SMOTE,Train-Recall,100.0
NaiveBayes,KNNImptuer__SimpleImputer_mode,SMOTE,Train-Recall,90.97
KNN,KNNImptuer__SimpleImputer_mode,SMOTE,Train-Recall,99.03
SVM,KNNImptuer__SimpleImputer_mode,SMOTE,Train-Recall,98.7
LogisticRegression,KNNImptuer__SimpleImputer_mode,ADASYN,Train-Recall,97.21
DecisionTree,KNNImptuer__SimpleImputer_mode,ADASYN,Train-Recall,100.0
NaiveBayes,KNNImptuer__SimpleImputer_mode,ADASYN,Train-Recall,90.97
KNN,KNNImptuer__SimpleImputer_mode,ADASYN,Train-Recall,99.03
SVM,KNNImptuer__SimpleImputer_mode,ADASYN,Train-Recall,98.7
LogisticRegression,KNNImptuer__SimpleImputer_mode,OriginalData,Train-Recall,97.21
DecisionTree,KNNImptuer__SimpleImputer_mode,OriginalData,Train-Recall,100.0
NaiveBayes,KNNImptuer__SimpleImputer_mode,OriginalData,Train-Recall,90.97
KNN,KNNImptuer__SimpleImputer_mode,OriginalData,Train-Recall,99.03
SVM,KNNImptuer__SimpleImputer_mode,OriginalData,Train-Recall,98.7
LogisticRegression,KNNImptuer__SimpleImputer_mode,ClusterCentroids,Train-Recall,97.11
DecisionTree,KNNImptuer__SimpleImputer_mode,ClusterCentroids,Train-Recall,100.0
NaiveBayes,KNNImptuer__SimpleImputer_mode,ClusterCentroids,Train-Recall,91.41
KNN,KNNImptuer__SimpleImputer_mode,ClusterCentroids,Train-Recall,99.17
SVM,KNNImptuer__SimpleImputer_mode,ClusterCentroids,Train-Recall,98.48
LogisticRegression,SimpleImputer_mean__SimpleImputer_mode,SMOTE,Train-Precision,97.88
DecisionTree,SimpleImputer_mean__SimpleImputer_mode,SMOTE,Train-Precision,100.0
NaiveBayes,SimpleImputer_mean__SimpleImputer_mode,SMOTE,Train-Precision,96.24
KNN,SimpleImputer_mean__SimpleImputer_mode,SMOTE,Train-Precision,97.35
SVM,SimpleImputer_mean__SimpleImputer_mode,SMOTE,Train-Precision,97.96
LogisticRegression,SimpleImputer_mean__SimpleImputer_mode,ADASYN,Train-Precision,97.88
DecisionTree,SimpleImputer_mean__SimpleImputer_mode,ADASYN,Train-Precision,100.0
NaiveBayes,SimpleImputer_mean__SimpleImputer_mode,ADASYN,Train-Precision,96.24
KNN,SimpleImputer_mean__SimpleImputer_mode,ADASYN,Train-Precision,97.35
SVM,SimpleImputer_mean__SimpleImputer_mode,ADASYN,Train-Precision,97.96
LogisticRegression,SimpleImputer_mean__SimpleImputer_mode,OriginalData,Train-Precision,97.88
DecisionTree,SimpleImputer_mean__SimpleImputer_mode,OriginalData,Train-Precision,100.0
NaiveBayes,SimpleImputer_mean__SimpleImputer_mode,OriginalData,Train-Precision,96.24
KNN,SimpleImputer_mean__SimpleImputer_mode,OriginalData,Train-Precision,97.35
SVM,SimpleImputer_mean__SimpleImputer_mode,OriginalData,Train-Precision,97.96
LogisticRegression,SimpleImputer_mean__SimpleImputer_mode,ClusterCentroids,Train-Precision,98.19
DecisionTree,SimpleImputer_mean__SimpleImputer_mode,ClusterCentroids,Train-Precision,100.0
NaiveBayes,SimpleImputer_mean__SimpleImputer_mode,ClusterCentroids,Train-Precision,96.38
KNN,SimpleImputer_mean__SimpleImputer_mode,ClusterCentroids,Train-Precision,97.29
SVM,SimpleImputer_mean__SimpleImputer_mode,ClusterCentroids,Train-Precision,98.14
LogisticRegression,KNNImptuer__SimpleImputer_mode,SMOTE,Train-Precision,97.82
DecisionTree,KNNImptuer__SimpleImputer_mode,SMOTE,Train-Precision,100.0
NaiveBayes,KNNImptuer__SimpleImputer_mode,SMOTE,Train-Precision,96.27
KNN,KNNImptuer__SimpleImputer_mode,SMOTE,Train-Precision,97.42
SVM,KNNImptuer__SimpleImputer_mode,SMOTE,Train-Precision,97.94
LogisticRegression,KNNImptuer__SimpleImputer_mode,ADASYN,Train-Precision,97.82
DecisionTree,KNNImptuer__SimpleImputer_mode,ADASYN,Train-Precision,100.0
NaiveBayes,KNNImptuer__SimpleImputer_mode,ADASYN,Train-Precision,96.27
KNN,KNNImptuer__SimpleImputer_mode,ADASYN,Train-Precision,97.42
SVM,KNNImptuer__SimpleImputer_mode,ADASYN,Train-Precision,97.94
LogisticRegression,KNNImptuer__SimpleImputer_mode,OriginalData,Train-Precision,97.82
DecisionTree,KNNImptuer__SimpleImputer_mode,OriginalData,Train-Precision,100.0
NaiveBayes,KNNImptuer__SimpleImputer_mode,OriginalData,Train-Precision,96.27
KNN,KNNImptuer__SimpleImputer_mode,OriginalData,Train-Precision,97.42
SVM,KNNImptuer__SimpleImputer_mode,OriginalData,Train-Precision,97.94
LogisticRegression,KNNImptuer__SimpleImputer_mode,ClusterCentroids,Train-Precision,98.16
DecisionTree,KNNImptuer__SimpleImputer_mode,ClusterCentroids,Train-Precision,100.0
NaiveBayes,KNNImptuer__SimpleImputer_mode,ClusterCentroids,Train-Precision,96.38
KNN,KNNImptuer__SimpleImputer_mode,ClusterCentroids,Train-Precision,97.47
SVM,KNNImptuer__SimpleImputer_mode,ClusterCentroids,Train-Precision,98.17
LogisticRegression,SimpleImputer_mean__SimpleImputer_mode,SMOTE,Train-FalseNegativeRate,0.03
DecisionTree,SimpleImputer_mean__SimpleImputer_mode,SMOTE,Train-FalseNegativeRate,0.0
NaiveBayes,SimpleImputer_mean__SimpleImputer_mode,SMOTE,Train-FalseNegativeRate,0.09
KNN,SimpleImputer_mean__SimpleImputer_mode,SMOTE,Train-FalseNegativeRate,0.01
SVM,SimpleImputer_mean__SimpleImputer_mode,SMOTE,Train-FalseNegativeRate,0.01
LogisticRegression,SimpleImputer_mean__SimpleImputer_mode,ADASYN,Train-FalseNegativeRate,0.03
DecisionTree,SimpleImputer_mean__SimpleImputer_mode,ADASYN,Train-FalseNegativeRate,0.0
NaiveBayes,SimpleImputer_mean__SimpleImputer_mode,ADASYN,Train-FalseNegativeRate,0.09
KNN,SimpleImputer_mean__SimpleImputer_mode,ADASYN,Train-FalseNegativeRate,0.01
SVM,SimpleImputer_mean__SimpleImputer_mode,ADASYN,Train-FalseNegativeRate,0.01
LogisticRegression,SimpleImputer_mean__SimpleImputer_mode,OriginalData,Train-FalseNegativeRate,0.03
DecisionTree,SimpleImputer_mean__SimpleImputer_mode,OriginalData,Train-FalseNegativeRate,0.0
NaiveBayes,SimpleImputer_mean__SimpleImputer_mode,OriginalData,Train-FalseNegativeRate,0.09
KNN,SimpleImputer_mean__SimpleImputer_mode,OriginalData,Train-FalseNegativeRate,0.01
SVM,SimpleImputer_mean__SimpleImputer_mode,OriginalData,Train-FalseNegativeRate,0.01
LogisticRegression,SimpleImputer_mean__SimpleImputer_mode,ClusterCentroids,Train-FalseNegativeRate,0.03
DecisionTree,SimpleImputer_mean__SimpleImputer_mode,ClusterCentroids,Train-FalseNegativeRate,0.0
NaiveBayes,SimpleImputer_mean__SimpleImputer_mode,ClusterCentroids,Train-FalseNegativeRate,0.09
KNN,SimpleImputer_mean__SimpleImputer_mode,ClusterCentroids,Train-FalseNegativeRate,0.01
SVM,SimpleImputer_mean__SimpleImputer_mode,ClusterCentroids,Train-FalseNegativeRate,0.02
LogisticRegression,KNNImptuer__SimpleImputer_mode,SMOTE,Train-FalseNegativeRate,0.03
DecisionTree,KNNImptuer__SimpleImputer_mode,SMOTE,Train-FalseNegativeRate,0.0
NaiveBayes,KNNImptuer__SimpleImputer_mode,SMOTE,Train-FalseNegativeRate,0.09
KNN,KNNImptuer__SimpleImputer_mode,SMOTE,Train-FalseNegativeRate,0.01
SVM,KNNImptuer__SimpleImputer_mode,SMOTE,Train-FalseNegativeRate,0.01
LogisticRegression,KNNImptuer__SimpleImputer_mode,ADASYN,Train-FalseNegativeRate,0.03
DecisionTree,KNNImptuer__SimpleImputer_mode,ADASYN,Train-FalseNegativeRate,0.0
NaiveBayes,KNNImptuer__SimpleImputer_mode,ADASYN,Train-FalseNegativeRate,0.09
KNN,KNNImptuer__SimpleImputer_mode,ADASYN,Train-FalseNegativeRate,0.01
SVM,KNNImptuer__SimpleImputer_mode,ADASYN,Train-FalseNegativeRate,0.01
LogisticRegression,KNNImptuer__SimpleImputer_mode,OriginalData,Train-FalseNegativeRate,0.03
DecisionTree,KNNImptuer__SimpleImputer_mode,OriginalData,Train-FalseNegativeRate,0.0
NaiveBayes,KNNImptuer__SimpleImputer_mode,OriginalData,Train-FalseNegativeRate,0.09
KNN,KNNImptuer__SimpleImputer_mode,OriginalData,Train-FalseNegativeRate,0.01
SVM,KNNImptuer__SimpleImputer_mode,OriginalData,Train-FalseNegativeRate,0.01
LogisticRegression,KNNImptuer__SimpleImputer_mode,ClusterCentroids,Train-FalseNegativeRate,0.03
DecisionTree,KNNImptuer__SimpleImputer_mode,ClusterCentroids,Train-FalseNegativeRate,0.0
NaiveBayes,KNNImptuer__SimpleImputer_mode,ClusterCentroids,Train-FalseNegativeRate,0.09
KNN,KNNImptuer__SimpleImputer_mode,ClusterCentroids,Train-FalseNegativeRate,0.01
SVM,KNNImptuer__SimpleImputer_mode,ClusterCentroids,Train-FalseNegativeRate,0.02
LogisticRegression,SimpleImputer_mean__SimpleImputer_mode,SMOTE,Train-FalsePositiveRate,0.02
DecisionTree,SimpleImputer_mean__SimpleImputer_mode,SMOTE,Train-FalsePositiveRate,0.0
NaiveBayes,SimpleImputer_mean__SimpleImputer_mode,SMOTE,Train-FalsePositiveRate,0.04
KNN,SimpleImputer_mean__SimpleImputer_mode,SMOTE,Train-FalsePositiveRate,0.03
SVM,SimpleImputer_mean__SimpleImputer_mode,SMOTE,Train-FalsePositiveRate,0.02
LogisticRegression,SimpleImputer_mean__SimpleImputer_mode,ADASYN,Train-FalsePositiveRate,0.02
DecisionTree,SimpleImputer_mean__SimpleImputer_mode,ADASYN,Train-FalsePositiveRate,0.0
NaiveBayes,SimpleImputer_mean__SimpleImputer_mode,ADASYN,Train-FalsePositiveRate,0.04
KNN,SimpleImputer_mean__SimpleImputer_mode,ADASYN,Train-FalsePositiveRate,0.03
SVM,SimpleImputer_mean__SimpleImputer_mode,ADASYN,Train-FalsePositiveRate,0.02
LogisticRegression,SimpleImputer_mean__SimpleImputer_mode,OriginalData,Train-FalsePositiveRate,0.02
DecisionTree,SimpleImputer_mean__SimpleImputer_mode,OriginalData,Train-FalsePositiveRate,0.0
NaiveBayes,SimpleImputer_mean__SimpleImputer_mode,OriginalData,Train-FalsePositiveRate,0.04
KNN,SimpleImputer_mean__SimpleImputer_mode,OriginalData,Train-FalsePositiveRate,0.03
SVM,SimpleImputer_mean__SimpleImputer_mode,OriginalData,Train-FalsePositiveRate,0.02
LogisticRegression,SimpleImputer_mean__SimpleImputer_mode,ClusterCentroids,Train-FalsePositiveRate,0.02
DecisionTree,SimpleImputer_mean__SimpleImputer_mode,ClusterCentroids,Train-FalsePositiveRate,0.0
NaiveBayes,SimpleImputer_mean__SimpleImputer_mode,ClusterCentroids,Train-FalsePositiveRate,0.03
KNN,SimpleImputer_mean__SimpleImputer_mode,ClusterCentroids,Train-FalsePositiveRate,0.03
SVM,SimpleImputer_mean__SimpleImputer_mode,ClusterCentroids,Train-FalsePositiveRate,0.02
LogisticRegression,KNNImptuer__SimpleImputer_mode,SMOTE,Train-FalsePositiveRate,0.02
DecisionTree,KNNImptuer__SimpleImputer_mode,SMOTE,Train-FalsePositiveRate,0.0
NaiveBayes,KNNImptuer__SimpleImputer_mode,SMOTE,Train-FalsePositiveRate,0.04
KNN,KNNImptuer__SimpleImputer_mode,SMOTE,Train-FalsePositiveRate,0.03
SVM,KNNImptuer__SimpleImputer_mode,SMOTE,Train-FalsePositiveRate,0.02
LogisticRegression,KNNImptuer__SimpleImputer_mode,ADASYN,Train-FalsePositiveRate,0.02
DecisionTree,KNNImptuer__SimpleImputer_mode,ADASYN,Train-FalsePositiveRate,0.0
NaiveBayes,KNNImptuer__SimpleImputer_mode,ADASYN,Train-FalsePositiveRate,0.04
KNN,KNNImptuer__SimpleImputer_mode,ADASYN,Train-FalsePositiveRate,0.03
SVM,KNNImptuer__SimpleImputer_mode,ADASYN,Train-FalsePositiveRate,0.02
LogisticRegression,KNNImptuer__SimpleImputer_mode,OriginalData,Train-FalsePositiveRate,0.02
DecisionTree,KNNImptuer__SimpleImputer_mode,OriginalData,Train-FalsePositiveRate,0.0
NaiveBayes,KNNImptuer__SimpleImputer_mode,OriginalData,Train-FalsePositiveRate,0.04
KNN,KNNImptuer__SimpleImputer_mode,OriginalData,Train-FalsePositiveRate,0.03
SVM,KNNImptuer__SimpleImputer_mode,OriginalData,Train-FalsePositiveRate,0.02
LogisticRegression,KNNImptuer__SimpleImputer_mode,ClusterCentroids,Train-FalsePositiveRate,0.02
DecisionTree,KNNImptuer__SimpleImputer_mode,ClusterCentroids,Train-FalsePositiveRate,0.0
NaiveBayes,KNNImptuer__SimpleImputer_mode,ClusterCentroids,Train-FalsePositiveRate,0.03
KNN,KNNImptuer__SimpleImputer_mode,ClusterCentroids,Train-FalsePositiveRate,0.03
SVM,KNNImptuer__SimpleImputer_mode,ClusterCentroids,Train-FalsePositiveRate,0.02
LogisticRegression,SimpleImputer_mean__SimpleImputer_mode,SMOTE,Test-F-1,97.36
DecisionTree,SimpleImputer_mean__SimpleImputer_mode,SMOTE,Test-F-1,97.32
NaiveBayes,SimpleImputer_mean__SimpleImputer_mode,SMOTE,Test-F-1,93.79
KNN,SimpleImputer_mean__SimpleImputer_mode,SMOTE,Test-F-1,96.72
SVM,SimpleImputer_mean__SimpleImputer_mode,SMOTE,Test-F-1,97.19
LogisticRegression,SimpleImputer_mean__SimpleImputer_mode,ADASYN,Test-F-1,97.36
DecisionTree,SimpleImputer_mean__SimpleImputer_mode,ADASYN,Test-F-1,97.52
NaiveBayes,SimpleImputer_mean__SimpleImputer_mode,ADASYN,Test-F-1,93.79
KNN,SimpleImputer_mean__SimpleImputer_mode,ADASYN,Test-F-1,96.72
SVM,SimpleImputer_mean__SimpleImputer_mode,ADASYN,Test-F-1,97.19
LogisticRegression,SimpleImputer_mean__SimpleImputer_mode,OriginalData,Test-F-1,97.36
DecisionTree,SimpleImputer_mean__SimpleImputer_mode,OriginalData,Test-F-1,97.24
NaiveBayes,SimpleImputer_mean__SimpleImputer_mode,OriginalData,Test-F-1,93.79
KNN,SimpleImputer_mean__SimpleImputer_mode,OriginalData,Test-F-1,96.72
SVM,SimpleImputer_mean__SimpleImputer_mode,OriginalData,Test-F-1,97.19
LogisticRegression,SimpleImputer_mean__SimpleImputer_mode,ClusterCentroids,Test-F-1,96.86
DecisionTree,SimpleImputer_mean__SimpleImputer_mode,ClusterCentroids,Test-F-1,96.93
NaiveBayes,SimpleImputer_mean__SimpleImputer_mode,ClusterCentroids,Test-F-1,93.4
KNN,SimpleImputer_mean__SimpleImputer_mode,ClusterCentroids,Test-F-1,96.39
SVM,SimpleImputer_mean__SimpleImputer_mode,ClusterCentroids,Test-F-1,97.34
LogisticRegression,KNNImptuer__SimpleImputer_mode,SMOTE,Test-F-1,97.72
DecisionTree,KNNImptuer__SimpleImputer_mode,SMOTE,Test-F-1,96.88
NaiveBayes,KNNImptuer__SimpleImputer_mode,SMOTE,Test-F-1,93.85
KNN,KNNImptuer__SimpleImputer_mode,SMOTE,Test-F-1,97.24
SVM,KNNImptuer__SimpleImputer_mode,SMOTE,Test-F-1,97.82
LogisticRegression,KNNImptuer__SimpleImputer_mode,ADASYN,Test-F-1,97.72
DecisionTree,KNNImptuer__SimpleImputer_mode,ADASYN,Test-F-1,97.25
NaiveBayes,KNNImptuer__SimpleImputer_mode,ADASYN,Test-F-1,93.85
KNN,KNNImptuer__SimpleImputer_mode,ADASYN,Test-F-1,97.24
SVM,KNNImptuer__SimpleImputer_mode,ADASYN,Test-F-1,97.82
LogisticRegression,KNNImptuer__SimpleImputer_mode,OriginalData,Test-F-1,97.72
DecisionTree,KNNImptuer__SimpleImputer_mode,OriginalData,Test-F-1,97.02
NaiveBayes,KNNImptuer__SimpleImputer_mode,OriginalData,Test-F-1,93.85
KNN,KNNImptuer__SimpleImputer_mode,OriginalData,Test-F-1,97.24
SVM,KNNImptuer__SimpleImputer_mode,OriginalData,Test-F-1,97.82
LogisticRegression,KNNImptuer__SimpleImputer_mode,ClusterCentroids,Test-F-1,97.27
DecisionTree,KNNImptuer__SimpleImputer_mode,ClusterCentroids,Test-F-1,97.07
NaiveBayes,KNNImptuer__SimpleImputer_mode,ClusterCentroids,Test-F-1,93.18
KNN,KNNImptuer__SimpleImputer_mode,ClusterCentroids,Test-F-1,96.74
SVM,KNNImptuer__SimpleImputer_mode,ClusterCentroids,Test-F-1,97.69
LogisticRegression,SimpleImputer_mean__SimpleImputer_mode,SMOTE,Test-Accuracy,97.37
DecisionTree,SimpleImputer_mean__SimpleImputer_mode,SMOTE,Test-Accuracy,97.31
NaiveBayes,SimpleImputer_mean__SimpleImputer_mode,SMOTE,Test-Accuracy,93.93
KNN,SimpleImputer_mean__SimpleImputer_mode,SMOTE,Test-Accuracy,96.68
SVM,SimpleImputer_mean__SimpleImputer_mode,SMOTE,Test-Accuracy,97.16
LogisticRegression,SimpleImputer_mean__SimpleImputer_mode,ADASYN,Test-Accuracy,97.37
DecisionTree,SimpleImputer_mean__SimpleImputer_mode,ADASYN,Test-Accuracy,97.51
NaiveBayes,SimpleImputer_mean__SimpleImputer_mode,ADASYN,Test-Accuracy,93.93
KNN,SimpleImputer_mean__SimpleImputer_mode,ADASYN,Test-Accuracy,96.68
SVM,SimpleImputer_mean__SimpleImputer_mode,ADASYN,Test-Accuracy,97.16
LogisticRegression,SimpleImputer_mean__SimpleImputer_mode,OriginalData,Test-Accuracy,97.37
DecisionTree,SimpleImputer_mean__SimpleImputer_mode,OriginalData,Test-Accuracy,97.22
NaiveBayes,SimpleImputer_mean__SimpleImputer_mode,OriginalData,Test-Accuracy,93.93
KNN,SimpleImputer_mean__SimpleImputer_mode,OriginalData,Test-Accuracy,96.68
SVM,SimpleImputer_mean__SimpleImputer_mode,OriginalData,Test-Accuracy,97.16
LogisticRegression,SimpleImputer_mean__SimpleImputer_mode,ClusterCentroids,Test-Accuracy,96.88
DecisionTree,SimpleImputer_mean__SimpleImputer_mode,ClusterCentroids,Test-Accuracy,96.94
NaiveBayes,SimpleImputer_mean__SimpleImputer_mode,ClusterCentroids,Test-Accuracy,93.56
KNN,SimpleImputer_mean__SimpleImputer_mode,ClusterCentroids,Test-Accuracy,96.36
SVM,SimpleImputer_mean__SimpleImputer_mode,ClusterCentroids,Test-Accuracy,97.34
LogisticRegression,KNNImptuer__SimpleImputer_mode,SMOTE,Test-Accuracy,97.71
DecisionTree,KNNImptuer__SimpleImputer_mode,SMOTE,Test-Accuracy,96.85
NaiveBayes,KNNImptuer__SimpleImputer_mode,SMOTE,Test-Accuracy,93.99
KNN,KNNImptuer__SimpleImputer_mode,SMOTE,Test-Accuracy,97.19
SVM,KNNImptuer__SimpleImputer_mode,SMOTE,Test-Accuracy,97.79
LogisticRegression,KNNImptuer__SimpleImputer_mode,ADASYN,Test-Accuracy,97.71
DecisionTree,KNNImptuer__SimpleImputer_mode,ADASYN,Test-Accuracy,97.22
NaiveBayes,KNNImptuer__SimpleImputer_mode,ADASYN,Test-Accuracy,93.99
KNN,KNNImptuer__SimpleImputer_mode,ADASYN,Test-Accuracy,97.19
SVM,KNNImptuer__SimpleImputer_mode,ADASYN,Test-Accuracy,97.79
LogisticRegression,KNNImptuer__SimpleImputer_mode,OriginalData,Test-Accuracy,97.71
DecisionTree,KNNImptuer__SimpleImputer_mode,OriginalData,Test-Accuracy,96.99
NaiveBayes,KNNImptuer__SimpleImputer_mode,OriginalData,Test-Accuracy,93.99
KNN,KNNImptuer__SimpleImputer_mode,OriginalData,Test-Accuracy,97.19
SVM,KNNImptuer__SimpleImputer_mode,OriginalData,Test-Accuracy,97.79
LogisticRegression,KNNImptuer__SimpleImputer_mode,ClusterCentroids,Test-Accuracy,97.28
DecisionTree,KNNImptuer__SimpleImputer_mode,ClusterCentroids,Test-Accuracy,97.08
NaiveBayes,KNNImptuer__SimpleImputer_mode,ClusterCentroids,Test-Accuracy,93.36
KNN,KNNImptuer__SimpleImputer_mode,ClusterCentroids,Test-Accuracy,96.71
SVM,KNNImptuer__SimpleImputer_mode,ClusterCentroids,Test-Accuracy,97.68
LogisticRegression,SimpleImputer_mean__SimpleImputer_mode,SMOTE,Test-Kappa,94.73
DecisionTree,SimpleImputer_mean__SimpleImputer_mode,SMOTE,Test-Kappa,94.62
NaiveBayes,SimpleImputer_mean__SimpleImputer_mode,SMOTE,Test-Kappa,87.86
KNN,SimpleImputer_mean__SimpleImputer_mode,SMOTE,Test-Kappa,93.36
SVM,SimpleImputer_mean__SimpleImputer_mode,SMOTE,Test-Kappa,94.33
LogisticRegression,SimpleImputer_mean__SimpleImputer_mode,ADASYN,Test-Kappa,94.73
DecisionTree,SimpleImputer_mean__SimpleImputer_mode,ADASYN,Test-Kappa,95.02
NaiveBayes,SimpleImputer_mean__SimpleImputer_mode,ADASYN,Test-Kappa,87.86
KNN,SimpleImputer_mean__SimpleImputer_mode,ADASYN,Test-Kappa,93.36
SVM,SimpleImputer_mean__SimpleImputer_mode,ADASYN,Test-Kappa,94.33
LogisticRegression,SimpleImputer_mean__SimpleImputer_mode,OriginalData,Test-Kappa,94.73
DecisionTree,SimpleImputer_mean__SimpleImputer_mode,OriginalData,Test-Kappa,94.44
NaiveBayes,SimpleImputer_mean__SimpleImputer_mode,OriginalData,Test-Kappa,87.86
KNN,SimpleImputer_mean__SimpleImputer_mode,OriginalData,Test-Kappa,93.36
SVM,SimpleImputer_mean__SimpleImputer_mode,OriginalData,Test-Kappa,94.33
LogisticRegression,SimpleImputer_mean__SimpleImputer_mode,ClusterCentroids,Test-Kappa,93.76
DecisionTree,SimpleImputer_mean__SimpleImputer_mode,ClusterCentroids,Test-Kappa,93.87
NaiveBayes,SimpleImputer_mean__SimpleImputer_mode,ClusterCentroids,Test-Kappa,87.11
KNN,SimpleImputer_mean__SimpleImputer_mode,ClusterCentroids,Test-Kappa,92.73
SVM,SimpleImputer_mean__SimpleImputer_mode,ClusterCentroids,Test-Kappa,94.67
LogisticRegression,KNNImptuer__SimpleImputer_mode,SMOTE,Test-Kappa,95.42
DecisionTree,KNNImptuer__SimpleImputer_mode,SMOTE,Test-Kappa,93.7
NaiveBayes,KNNImptuer__SimpleImputer_mode,SMOTE,Test-Kappa,87.97
KNN,KNNImptuer__SimpleImputer_mode,SMOTE,Test-Kappa,94.39
SVM,KNNImptuer__SimpleImputer_mode,SMOTE,Test-Kappa,95.59
LogisticRegression,KNNImptuer__SimpleImputer_mode,ADASYN,Test-Kappa,95.42
DecisionTree,KNNImptuer__SimpleImputer_mode,ADASYN,Test-Kappa,94.44
NaiveBayes,KNNImptuer__SimpleImputer_mode,ADASYN,Test-Kappa,87.97
KNN,KNNImptuer__SimpleImputer_mode,ADASYN,Test-Kappa,94.39
SVM,KNNImptuer__SimpleImputer_mode,ADASYN,Test-Kappa,95.59
LogisticRegression,KNNImptuer__SimpleImputer_mode,OriginalData,Test-Kappa,95.42
DecisionTree,KNNImptuer__SimpleImputer_mode,OriginalData,Test-Kappa,93.99
NaiveBayes,KNNImptuer__SimpleImputer_mode,OriginalData,Test-Kappa,87.97
KNN,KNNImptuer__SimpleImputer_mode,OriginalData,Test-Kappa,94.39
SVM,KNNImptuer__SimpleImputer_mode,OriginalData,Test-Kappa,95.59
LogisticRegression,KNNImptuer__SimpleImputer_mode,ClusterCentroids,Test-Kappa,94.56
DecisionTree,KNNImptuer__SimpleImputer_mode,ClusterCentroids,Test-Kappa,94.16
NaiveBayes,KNNImptuer__SimpleImputer_mode,ClusterCentroids,Test-Kappa,86.71
KNN,KNNImptuer__SimpleImputer_mode,ClusterCentroids,Test-Kappa,93.41
SVM,KNNImptuer__SimpleImputer_mode,ClusterCentroids,Test-Kappa,95.36
LogisticRegression,SimpleImputer_mean__SimpleImputer_mode,SMOTE,Test-TP,1699.0
DecisionTree,SimpleImputer_mean__SimpleImputer_mode,SMOTE,Test-TP,1707.0
NaiveBayes,SimpleImputer_mean__SimpleImputer_mode,SMOTE,Test-TP,1601.0
KNN,SimpleImputer_mean__SimpleImputer_mode,SMOTE,Test-TP,1710.0
SVM,SimpleImputer_mean__SimpleImputer_mode,SMOTE,Test-TP,1715.0
LogisticRegression,SimpleImputer_mean__SimpleImputer_mode,ADASYN,Test-TP,1699.0
DecisionTree,SimpleImputer_mean__SimpleImputer_mode,ADASYN,Test-TP,1711.0
NaiveBayes,SimpleImputer_mean__SimpleImputer_mode,ADASYN,Test-TP,1601.0
KNN,SimpleImputer_mean__SimpleImputer_mode,ADASYN,Test-TP,1710.0
SVM,SimpleImputer_mean__SimpleImputer_mode,ADASYN,Test-TP,1715.0
LogisticRegression,SimpleImputer_mean__SimpleImputer_mode,OriginalData,Test-TP,1699.0
DecisionTree,SimpleImputer_mean__SimpleImputer_mode,OriginalData,Test-TP,1707.0
NaiveBayes,SimpleImputer_mean__SimpleImputer_mode,OriginalData,Test-TP,1601.0
KNN,SimpleImputer_mean__SimpleImputer_mode,OriginalData,Test-TP,1710.0
SVM,SimpleImputer_mean__SimpleImputer_mode,OriginalData,Test-TP,1715.0
LogisticRegression,SimpleImputer_mean__SimpleImputer_mode,ClusterCentroids,Test-TP,1680.0
DecisionTree,SimpleImputer_mean__SimpleImputer_mode,ClusterCentroids,Test-TP,1689.0
NaiveBayes,SimpleImputer_mean__SimpleImputer_mode,ClusterCentroids,Test-TP,1591.0
KNN,SimpleImputer_mean__SimpleImputer_mode,ClusterCentroids,Test-TP,1695.0
SVM,SimpleImputer_mean__SimpleImputer_mode,ClusterCentroids,Test-TP,1701.0
LogisticRegression,KNNImptuer__SimpleImputer_mode,SMOTE,Test-TP,1712.0
DecisionTree,KNNImptuer__SimpleImputer_mode,SMOTE,Test-TP,1706.0
NaiveBayes,KNNImptuer__SimpleImputer_mode,SMOTE,Test-TP,1603.0
KNN,KNNImptuer__SimpleImputer_mode,SMOTE,Test-TP,1724.0
SVM,KNNImptuer__SimpleImputer_mode,SMOTE,Test-TP,1730.0
LogisticRegression,KNNImptuer__SimpleImputer_mode,ADASYN,Test-TP,1712.0
DecisionTree,KNNImptuer__SimpleImputer_mode,ADASYN,Test-TP,1713.0
NaiveBayes,KNNImptuer__SimpleImputer_mode,ADASYN,Test-TP,1603.0
KNN,KNNImptuer__SimpleImputer_mode,ADASYN,Test-TP,1724.0
SVM,KNNImptuer__SimpleImputer_mode,ADASYN,Test-TP,1730.0
LogisticRegression,KNNImptuer__SimpleImputer_mode,OriginalData,Test-TP,1712.0
DecisionTree,KNNImptuer__SimpleImputer_mode,OriginalData,Test-TP,1708.0
NaiveBayes,KNNImptuer__SimpleImputer_mode,OriginalData,Test-TP,1603.0
KNN,KNNImptuer__SimpleImputer_mode,OriginalData,Test-TP,1724.0
SVM,KNNImptuer__SimpleImputer_mode,OriginalData,Test-TP,1730.0
LogisticRegression,KNNImptuer__SimpleImputer_mode,ClusterCentroids,Test-TP,1691.0
DecisionTree,KNNImptuer__SimpleImputer_mode,ClusterCentroids,Test-TP,1690.0
NaiveBayes,KNNImptuer__SimpleImputer_mode,ClusterCentroids,Test-TP,1585.0
KNN,KNNImptuer__SimpleImputer_mode,ClusterCentroids,Test-TP,1705.0
SVM,KNNImptuer__SimpleImputer_mode,ClusterCentroids,Test-TP,1709.0
LogisticRegression,SimpleImputer_mean__SimpleImputer_mode,SMOTE,Test-FP,40.0
DecisionTree,SimpleImputer_mean__SimpleImputer_mode,SMOTE,Test-FP,50.0
NaiveBayes,SimpleImputer_mean__SimpleImputer_mode,SMOTE,Test-FP,62.0
KNN,SimpleImputer_mean__SimpleImputer_mode,SMOTE,Test-FP,75.0
SVM,SimpleImputer_mean__SimpleImputer_mode,SMOTE,Test-FP,63.0
LogisticRegression,SimpleImputer_mean__SimpleImputer_mode,ADASYN,Test-FP,40.0
DecisionTree,SimpleImputer_mean__SimpleImputer_mode,ADASYN,Test-FP,47.0
NaiveBayes,SimpleImputer_mean__SimpleImputer_mode,ADASYN,Test-FP,62.0
KNN,SimpleImputer_mean__SimpleImputer_mode,ADASYN,Test-FP,75.0
SVM,SimpleImputer_mean__SimpleImputer_mode,ADASYN,Test-FP,63.0
LogisticRegression,SimpleImputer_mean__SimpleImputer_mode,OriginalData,Test-FP,40.0
DecisionTree,SimpleImputer_mean__SimpleImputer_mode,OriginalData,Test-FP,53.0
NaiveBayes,SimpleImputer_mean__SimpleImputer_mode,OriginalData,Test-FP,62.0
KNN,SimpleImputer_mean__SimpleImputer_mode,OriginalData,Test-FP,75.0
SVM,SimpleImputer_mean__SimpleImputer_mode,OriginalData,Test-FP,63.0
LogisticRegression,SimpleImputer_mean__SimpleImputer_mode,ClusterCentroids,Test-FP,49.0
DecisionTree,SimpleImputer_mean__SimpleImputer_mode,ClusterCentroids,Test-FP,56.0
NaiveBayes,SimpleImputer_mean__SimpleImputer_mode,ClusterCentroids,Test-FP,76.0
KNN,SimpleImputer_mean__SimpleImputer_mode,ClusterCentroids,Test-FP,82.0
SVM,SimpleImputer_mean__SimpleImputer_mode,ClusterCentroids,Test-FP,54.0
LogisticRegression,KNNImptuer__SimpleImputer_mode,SMOTE,Test-FP,41.0
DecisionTree,KNNImptuer__SimpleImputer_mode,SMOTE,Test-FP,65.0
NaiveBayes,KNNImptuer__SimpleImputer_mode,SMOTE,Test-FP,62.0
KNN,KNNImptuer__SimpleImputer_mode,SMOTE,Test-FP,71.0
SVM,KNNImptuer__SimpleImputer_mode,SMOTE,Test-FP,56.0
LogisticRegression,KNNImptuer__SimpleImputer_mode,ADASYN,Test-FP,41.0
DecisionTree,KNNImptuer__SimpleImputer_mode,ADASYN,Test-FP,59.0
NaiveBayes,KNNImptuer__SimpleImputer_mode,ADASYN,Test-FP,62.0
KNN,KNNImptuer__SimpleImputer_mode,ADASYN,Test-FP,71.0
SVM,KNNImptuer__SimpleImputer_mode,ADASYN,Test-FP,56.0
LogisticRegression,KNNImptuer__SimpleImputer_mode,OriginalData,Test-FP,41.0
DecisionTree,KNNImptuer__SimpleImputer_mode,OriginalData,Test-FP,62.0
NaiveBayes,KNNImptuer__SimpleImputer_mode,OriginalData,Test-FP,62.0
KNN,KNNImptuer__SimpleImputer_mode,OriginalData,Test-FP,71.0
SVM,KNNImptuer__SimpleImputer_mode,OriginalData,Test-FP,56.0
LogisticRegression,KNNImptuer__SimpleImputer_mode,ClusterCentroids,Test-FP,46.0
DecisionTree,KNNImptuer__SimpleImputer_mode,ClusterCentroids,Test-FP,52.0
NaiveBayes,KNNImptuer__SimpleImputer_mode,ClusterCentroids,Test-FP,77.0
KNN,KNNImptuer__SimpleImputer_mode,ClusterCentroids,Test-FP,80.0
SVM,KNNImptuer__SimpleImputer_mode,ClusterCentroids,Test-FP,50.0
LogisticRegression,SimpleImputer_mean__SimpleImputer_mode,SMOTE,Test-TN,1701.0
DecisionTree,SimpleImputer_mean__SimpleImputer_mode,SMOTE,Test-TN,1691.0
NaiveBayes,SimpleImputer_mean__SimpleImputer_mode,SMOTE,Test-TN,1679.0
KNN,SimpleImputer_mean__SimpleImputer_mode,SMOTE,Test-TN,1666.0
SVM,SimpleImputer_mean__SimpleImputer_mode,SMOTE,Test-TN,1678.0
LogisticRegression,SimpleImputer_mean__SimpleImputer_mode,ADASYN,Test-TN,1701.0
DecisionTree,SimpleImputer_mean__SimpleImputer_mode,ADASYN,Test-TN,1694.0
NaiveBayes,SimpleImputer_mean__SimpleImputer_mode,ADASYN,Test-TN,1679.0
KNN,SimpleImputer_mean__SimpleImputer_mode,ADASYN,Test-TN,1666.0
SVM,SimpleImputer_mean__SimpleImputer_mode,ADASYN,Test-TN,1678.0
LogisticRegression,SimpleImputer_mean__SimpleImputer_mode,OriginalData,Test-TN,1701.0
DecisionTree,SimpleImputer_mean__SimpleImputer_mode,OriginalData,Test-TN,1688.0
NaiveBayes,SimpleImputer_mean__SimpleImputer_mode,OriginalData,Test-TN,1679.0
KNN,SimpleImputer_mean__SimpleImputer_mode,OriginalData,Test-TN,1666.0
SVM,SimpleImputer_mean__SimpleImputer_mode,OriginalData,Test-TN,1678.0
LogisticRegression,SimpleImputer_mean__SimpleImputer_mode,ClusterCentroids,Test-TN,1703.0
DecisionTree,SimpleImputer_mean__SimpleImputer_mode,ClusterCentroids,Test-TN,1696.0
NaiveBayes,SimpleImputer_mean__SimpleImputer_mode,ClusterCentroids,Test-TN,1676.0
KNN,SimpleImputer_mean__SimpleImputer_mode,ClusterCentroids,Test-TN,1670.0
SVM,SimpleImputer_mean__SimpleImputer_mode,ClusterCentroids,Test-TN,1698.0
LogisticRegression,KNNImptuer__SimpleImputer_mode,SMOTE,Test-TN,1700.0
DecisionTree,KNNImptuer__SimpleImputer_mode,SMOTE,Test-TN,1676.0
NaiveBayes,KNNImptuer__SimpleImputer_mode,SMOTE,Test-TN,1679.0
KNN,KNNImptuer__SimpleImputer_mode,SMOTE,Test-TN,1670.0
SVM,KNNImptuer__SimpleImputer_mode,SMOTE,Test-TN,1685.0
LogisticRegression,KNNImptuer__SimpleImputer_mode,ADASYN,Test-TN,1700.0
DecisionTree,KNNImptuer__SimpleImputer_mode,ADASYN,Test-TN,1682.0
NaiveBayes,KNNImptuer__SimpleImputer_mode,ADASYN,Test-TN,1679.0
KNN,KNNImptuer__SimpleImputer_mode,ADASYN,Test-TN,1670.0
SVM,KNNImptuer__SimpleImputer_mode,ADASYN,Test-TN,1685.0
LogisticRegression,KNNImptuer__SimpleImputer_mode,OriginalData,Test-TN,1700.0
DecisionTree,KNNImptuer__SimpleImputer_mode,OriginalData,Test-TN,1679.0
NaiveBayes,KNNImptuer__SimpleImputer_mode,OriginalData,Test-TN,1679.0
KNN,KNNImptuer__SimpleImputer_mode,OriginalData,Test-TN,1670.0
SVM,KNNImptuer__SimpleImputer_mode,OriginalData,Test-TN,1685.0
LogisticRegression,KNNImptuer__SimpleImputer_mode,ClusterCentroids,Test-TN,1706.0
DecisionTree,KNNImptuer__SimpleImputer_mode,ClusterCentroids,Test-TN,1700.0
NaiveBayes,KNNImptuer__SimpleImputer_mode,ClusterCentroids,Test-TN,1675.0
KNN,KNNImptuer__SimpleImputer_mode,ClusterCentroids,Test-TN,1672.0
SVM,KNNImptuer__SimpleImputer_mode,ClusterCentroids,Test-TN,1702.0
LogisticRegression,SimpleImputer_mean__SimpleImputer_mode,SMOTE,Test-FN,52.0
DecisionTree,SimpleImputer_mean__SimpleImputer_mode,SMOTE,Test-FN,44.0
NaiveBayes,SimpleImputer_mean__SimpleImputer_mode,SMOTE,Test-FN,150.0
KNN,SimpleImputer_mean__SimpleImputer_mode,SMOTE,Test-FN,41.0
SVM,SimpleImputer_mean__SimpleImputer_mode,SMOTE,Test-FN,36.0
LogisticRegression,SimpleImputer_mean__SimpleImputer_mode,ADASYN,Test-FN,52.0
DecisionTree,SimpleImputer_mean__SimpleImputer_mode,ADASYN,Test-FN,40.0
NaiveBayes,SimpleImputer_mean__SimpleImputer_mode,ADASYN,Test-FN,150.0
KNN,SimpleImputer_mean__SimpleImputer_mode,ADASYN,Test-FN,41.0
SVM,SimpleImputer_mean__SimpleImputer_mode,ADASYN,Test-FN,36.0
LogisticRegression,SimpleImputer_mean__SimpleImputer_mode,OriginalData,Test-FN,52.0
DecisionTree,SimpleImputer_mean__SimpleImputer_mode,OriginalData,Test-FN,44.0
NaiveBayes,SimpleImputer_mean__SimpleImputer_mode,OriginalData,Test-FN,150.0
KNN,SimpleImputer_mean__SimpleImputer_mode,OriginalData,Test-FN,41.0
SVM,SimpleImputer_mean__SimpleImputer_mode,OriginalData,Test-FN,36.0
LogisticRegression,SimpleImputer_mean__SimpleImputer_mode,ClusterCentroids,Test-FN,60.0
DecisionTree,SimpleImputer_mean__SimpleImputer_mode,ClusterCentroids,Test-FN,51.0
NaiveBayes,SimpleImputer_mean__SimpleImputer_mode,ClusterCentroids,Test-FN,149.0
KNN,SimpleImputer_mean__SimpleImputer_mode,ClusterCentroids,Test-FN,45.0
SVM,SimpleImputer_mean__SimpleImputer_mode,ClusterCentroids,Test-FN,39.0
LogisticRegression,KNNImptuer__SimpleImputer_mode,SMOTE,Test-FN,39.0
DecisionTree,KNNImptuer__SimpleImputer_mode,SMOTE,Test-FN,45.0
NaiveBayes,KNNImptuer__SimpleImputer_mode,SMOTE,Test-FN,148.0
KNN,KNNImptuer__SimpleImputer_mode,SMOTE,Test-FN,27.0
SVM,KNNImptuer__SimpleImputer_mode,SMOTE,Test-FN,21.0
LogisticRegression,KNNImptuer__SimpleImputer_mode,ADASYN,Test-FN,39.0
DecisionTree,KNNImptuer__SimpleImputer_mode,ADASYN,Test-FN,38.0
NaiveBayes,KNNImptuer__SimpleImputer_mode,ADASYN,Test-FN,148.0
KNN,KNNImptuer__SimpleImputer_mode,ADASYN,Test-FN,27.0
SVM,KNNImptuer__SimpleImputer_mode,ADASYN,Test-FN,21.0
LogisticRegression,KNNImptuer__SimpleImputer_mode,OriginalData,Test-FN,39.0
DecisionTree,KNNImptuer__SimpleImputer_mode,OriginalData,Test-FN,43.0
NaiveBayes,KNNImptuer__SimpleImputer_mode,OriginalData,Test-FN,148.0
KNN,KNNImptuer__SimpleImputer_mode,OriginalData,Test-FN,27.0
SVM,KNNImptuer__SimpleImputer_mode,OriginalData,Test-FN,21.0
LogisticRegression,KNNImptuer__SimpleImputer_mode,ClusterCentroids,Test-FN,49.0
DecisionTree,KNNImptuer__SimpleImputer_mode,ClusterCentroids,Test-FN,50.0
NaiveBayes,KNNImptuer__SimpleImputer_mode,ClusterCentroids,Test-FN,155.0
KNN,KNNImptuer__SimpleImputer_mode,ClusterCentroids,Test-FN,35.0
SVM,KNNImptuer__SimpleImputer_mode,ClusterCentroids,Test-FN,31.0
LogisticRegression,SimpleImputer_mean__SimpleImputer_mode,SMOTE,Test-Recall,97.03
DecisionTree,SimpleImputer_mean__SimpleImputer_mode,SMOTE,Test-Recall,97.49
NaiveBayes,SimpleImputer_mean__SimpleImputer_mode,SMOTE,Test-Recall,91.43
KNN,SimpleImputer_mean__SimpleImputer_mode,SMOTE,Test-Recall,97.66
SVM,SimpleImputer_mean__SimpleImputer_mode,SMOTE,Test-Recall,97.94
LogisticRegression,SimpleImputer_mean__SimpleImputer_mode,ADASYN,Test-Recall,97.03
DecisionTree,SimpleImputer_mean__SimpleImputer_mode,ADASYN,Test-Recall,97.72
NaiveBayes,SimpleImputer_mean__SimpleImputer_mode,ADASYN,Test-Recall,91.43
KNN,SimpleImputer_mean__SimpleImputer_mode,ADASYN,Test-Recall,97.66
SVM,SimpleImputer_mean__SimpleImputer_mode,ADASYN,Test-Recall,97.94
LogisticRegression,SimpleImputer_mean__SimpleImputer_mode,OriginalData,Test-Recall,97.03
DecisionTree,SimpleImputer_mean__SimpleImputer_mode,OriginalData,Test-Recall,97.49
NaiveBayes,SimpleImputer_mean__SimpleImputer_mode,OriginalData,Test-Recall,91.43
KNN,SimpleImputer_mean__SimpleImputer_mode,OriginalData,Test-Recall,97.66
SVM,SimpleImputer_mean__SimpleImputer_mode,OriginalData,Test-Recall,97.94
LogisticRegression,SimpleImputer_mean__SimpleImputer_mode,ClusterCentroids,Test-Recall,96.55
DecisionTree,SimpleImputer_mean__SimpleImputer_mode,ClusterCentroids,Test-Recall,97.07
NaiveBayes,SimpleImputer_mean__SimpleImputer_mode,ClusterCentroids,Test-Recall,91.44
KNN,SimpleImputer_mean__SimpleImputer_mode,ClusterCentroids,Test-Recall,97.41
SVM,SimpleImputer_mean__SimpleImputer_mode,ClusterCentroids,Test-Recall,97.76
LogisticRegression,KNNImptuer__SimpleImputer_mode,SMOTE,Test-Recall,97.77
DecisionTree,KNNImptuer__SimpleImputer_mode,SMOTE,Test-Recall,97.43
NaiveBayes,KNNImptuer__SimpleImputer_mode,SMOTE,Test-Recall,91.55
KNN,KNNImptuer__SimpleImputer_mode,SMOTE,Test-Recall,98.46
SVM,KNNImptuer__SimpleImputer_mode,SMOTE,Test-Recall,98.8
LogisticRegression,KNNImptuer__SimpleImputer_mode,ADASYN,Test-Recall,97.77
DecisionTree,KNNImptuer__SimpleImputer_mode,ADASYN,Test-Recall,97.83
NaiveBayes,KNNImptuer__SimpleImputer_mode,ADASYN,Test-Recall,91.55
KNN,KNNImptuer__SimpleImputer_mode,ADASYN,Test-Recall,98.46
SVM,KNNImptuer__SimpleImputer_mode,ADASYN,Test-Recall,98.8
LogisticRegression,KNNImptuer__SimpleImputer_mode,OriginalData,Test-Recall,97.77
DecisionTree,KNNImptuer__SimpleImputer_mode,OriginalData,Test-Recall,97.54
NaiveBayes,KNNImptuer__SimpleImputer_mode,OriginalData,Test-Recall,91.55
KNN,KNNImptuer__SimpleImputer_mode,OriginalData,Test-Recall,98.46
SVM,KNNImptuer__SimpleImputer_mode,OriginalData,Test-Recall,98.8
LogisticRegression,KNNImptuer__SimpleImputer_mode,ClusterCentroids,Test-Recall,97.18
DecisionTree,KNNImptuer__SimpleImputer_mode,ClusterCentroids,Test-Recall,97.13
NaiveBayes,KNNImptuer__SimpleImputer_mode,ClusterCentroids,Test-Recall,91.09
KNN,KNNImptuer__SimpleImputer_mode,ClusterCentroids,Test-Recall,97.99
SVM,KNNImptuer__SimpleImputer_mode,ClusterCentroids,Test-Recall,98.22
LogisticRegression,SimpleImputer_mean__SimpleImputer_mode,SMOTE,Test-Precision,97.7
DecisionTree,SimpleImputer_mean__SimpleImputer_mode,SMOTE,Test-Precision,97.15
NaiveBayes,SimpleImputer_mean__SimpleImputer_mode,SMOTE,Test-Precision,96.27
KNN,SimpleImputer_mean__SimpleImputer_mode,SMOTE,Test-Precision,95.8
SVM,SimpleImputer_mean__SimpleImputer_mode,SMOTE,Test-Precision,96.46
LogisticRegression,SimpleImputer_mean__SimpleImputer_mode,ADASYN,Test-Precision,97.7
DecisionTree,SimpleImputer_mean__SimpleImputer_mode,ADASYN,Test-Precision,97.33
NaiveBayes,SimpleImputer_mean__SimpleImputer_mode,ADASYN,Test-Precision,96.27
KNN,SimpleImputer_mean__SimpleImputer_mode,ADASYN,Test-Precision,95.8
SVM,SimpleImputer_mean__SimpleImputer_mode,ADASYN,Test-Precision,96.46
LogisticRegression,SimpleImputer_mean__SimpleImputer_mode,OriginalData,Test-Precision,97.7
DecisionTree,SimpleImputer_mean__SimpleImputer_mode,OriginalData,Test-Precision,96.99
NaiveBayes,SimpleImputer_mean__SimpleImputer_mode,OriginalData,Test-Precision,96.27
KNN,SimpleImputer_mean__SimpleImputer_mode,OriginalData,Test-Precision,95.8
SVM,SimpleImputer_mean__SimpleImputer_mode,OriginalData,Test-Precision,96.46
LogisticRegression,SimpleImputer_mean__SimpleImputer_mode,ClusterCentroids,Test-Precision,97.17
DecisionTree,SimpleImputer_mean__SimpleImputer_mode,ClusterCentroids,Test-Precision,96.79
NaiveBayes,SimpleImputer_mean__SimpleImputer_mode,ClusterCentroids,Test-Precision,95.44
KNN,SimpleImputer_mean__SimpleImputer_mode,ClusterCentroids,Test-Precision,95.39
SVM,SimpleImputer_mean__SimpleImputer_mode,ClusterCentroids,Test-Precision,96.92
LogisticRegression,KNNImptuer__SimpleImputer_mode,SMOTE,Test-Precision,97.66
DecisionTree,KNNImptuer__SimpleImputer_mode,SMOTE,Test-Precision,96.33
NaiveBayes,KNNImptuer__SimpleImputer_mode,SMOTE,Test-Precision,96.28
KNN,KNNImptuer__SimpleImputer_mode,SMOTE,Test-Precision,96.04
SVM,KNNImptuer__SimpleImputer_mode,SMOTE,Test-Precision,96.86
LogisticRegression,KNNImptuer__SimpleImputer_mode,ADASYN,Test-Precision,97.66
DecisionTree,KNNImptuer__SimpleImputer_mode,ADASYN,Test-Precision,96.67
NaiveBayes,KNNImptuer__SimpleImputer_mode,ADASYN,Test-Precision,96.28
KNN,KNNImptuer__SimpleImputer_mode,ADASYN,Test-Precision,96.04
SVM,KNNImptuer__SimpleImputer_mode,ADASYN,Test-Precision,96.86
LogisticRegression,KNNImptuer__SimpleImputer_mode,OriginalData,Test-Precision,97.66
DecisionTree,KNNImptuer__SimpleImputer_mode,OriginalData,Test-Precision,96.5
NaiveBayes,KNNImptuer__SimpleImputer_mode,OriginalData,Test-Precision,96.28
KNN,KNNImptuer__SimpleImputer_mode,OriginalData,Test-Precision,96.04
SVM,KNNImptuer__SimpleImputer_mode,OriginalData,Test-Precision,96.86
LogisticRegression,KNNImptuer__SimpleImputer_mode,ClusterCentroids,Test-Precision,97.35
DecisionTree,KNNImptuer__SimpleImputer_mode,ClusterCentroids,Test-Precision,97.01
NaiveBayes,KNNImptuer__SimpleImputer_mode,ClusterCentroids,Test-Precision,95.37
KNN,KNNImptuer__SimpleImputer_mode,ClusterCentroids,Test-Precision,95.52
SVM,KNNImptuer__SimpleImputer_mode,ClusterCentroids,Test-Precision,97.16
LogisticRegression,SimpleImputer_mean__SimpleImputer_mode,SMOTE,Test-FalseNegativeRate,0.03
DecisionTree,SimpleImputer_mean__SimpleImputer_mode,SMOTE,Test-FalseNegativeRate,0.03
NaiveBayes,SimpleImputer_mean__SimpleImputer_mode,SMOTE,Test-FalseNegativeRate,0.09
KNN,SimpleImputer_mean__SimpleImputer_mode,SMOTE,Test-FalseNegativeRate,0.02
SVM,SimpleImputer_mean__SimpleImputer_mode,SMOTE,Test-FalseNegativeRate,0.02
LogisticRegression,SimpleImputer_mean__SimpleImputer_mode,ADASYN,Test-FalseNegativeRate,0.03
DecisionTree,SimpleImputer_mean__SimpleImputer_mode,ADASYN,Test-FalseNegativeRate,0.02
NaiveBayes,SimpleImputer_mean__SimpleImputer_mode,ADASYN,Test-FalseNegativeRate,0.09
KNN,SimpleImputer_mean__SimpleImputer_mode,ADASYN,Test-FalseNegativeRate,0.02
SVM,SimpleImputer_mean__SimpleImputer_mode,ADASYN,Test-FalseNegativeRate,0.02
LogisticRegression,SimpleImputer_mean__SimpleImputer_mode,OriginalData,Test-FalseNegativeRate,0.03
DecisionTree,SimpleImputer_mean__SimpleImputer_mode,OriginalData,Test-FalseNegativeRate,0.03
NaiveBayes,SimpleImputer_mean__SimpleImputer_mode,OriginalData,Test-FalseNegativeRate,0.09
KNN,SimpleImputer_mean__SimpleImputer_mode,OriginalData,Test-FalseNegativeRate,0.02
SVM,SimpleImputer_mean__SimpleImputer_mode,OriginalData,Test-FalseNegativeRate,0.02
LogisticRegression,SimpleImputer_mean__SimpleImputer_mode,ClusterCentroids,Test-FalseNegativeRate,0.03
DecisionTree,SimpleImputer_mean__SimpleImputer_mode,ClusterCentroids,Test-FalseNegativeRate,0.03
NaiveBayes,SimpleImputer_mean__SimpleImputer_mode,ClusterCentroids,Test-FalseNegativeRate,0.09
KNN,SimpleImputer_mean__SimpleImputer_mode,ClusterCentroids,Test-FalseNegativeRate,0.03
SVM,SimpleImputer_mean__SimpleImputer_mode,ClusterCentroids,Test-FalseNegativeRate,0.02
LogisticRegression,KNNImptuer__SimpleImputer_mode,SMOTE,Test-FalseNegativeRate,0.02
DecisionTree,KNNImptuer__SimpleImputer_mode,SMOTE,Test-FalseNegativeRate,0.03
NaiveBayes,KNNImptuer__SimpleImputer_mode,SMOTE,Test-FalseNegativeRate,0.08
KNN,KNNImptuer__SimpleImputer_mode,SMOTE,Test-FalseNegativeRate,0.02
SVM,KNNImptuer__SimpleImputer_mode,SMOTE,Test-FalseNegativeRate,0.01
LogisticRegression,KNNImptuer__SimpleImputer_mode,ADASYN,Test-FalseNegativeRate,0.02
DecisionTree,KNNImptuer__SimpleImputer_mode,ADASYN,Test-FalseNegativeRate,0.02
NaiveBayes,KNNImptuer__SimpleImputer_mode,ADASYN,Test-FalseNegativeRate,0.08
KNN,KNNImptuer__SimpleImputer_mode,ADASYN,Test-FalseNegativeRate,0.02
SVM,KNNImptuer__SimpleImputer_mode,ADASYN,Test-FalseNegativeRate,0.01
LogisticRegression,KNNImptuer__SimpleImputer_mode,OriginalData,Test-FalseNegativeRate,0.02
DecisionTree,KNNImptuer__SimpleImputer_mode,OriginalData,Test-FalseNegativeRate,0.02
NaiveBayes,KNNImptuer__SimpleImputer_mode,OriginalData,Test-FalseNegativeRate,0.08
KNN,KNNImptuer__SimpleImputer_mode,OriginalData,Test-FalseNegativeRate,0.02
SVM,KNNImptuer__SimpleImputer_mode,OriginalData,Test-FalseNegativeRate,0.01
LogisticRegression,KNNImptuer__SimpleImputer_mode,ClusterCentroids,Test-FalseNegativeRate,0.03
DecisionTree,KNNImptuer__SimpleImputer_mode,ClusterCentroids,Test-FalseNegativeRate,0.03
NaiveBayes,KNNImptuer__SimpleImputer_mode,ClusterCentroids,Test-FalseNegativeRate,0.09
KNN,KNNImptuer__SimpleImputer_mode,ClusterCentroids,Test-FalseNegativeRate,0.02
SVM,KNNImptuer__SimpleImputer_mode,ClusterCentroids,Test-FalseNegativeRate,0.02
LogisticRegression,SimpleImputer_mean__SimpleImputer_mode,SMOTE,Test-FalsePositiveRate,0.02
DecisionTree,SimpleImputer_mean__SimpleImputer_mode,SMOTE,Test-FalsePositiveRate,0.03
NaiveBayes,SimpleImputer_mean__SimpleImputer_mode,SMOTE,Test-FalsePositiveRate,0.04
KNN,SimpleImputer_mean__SimpleImputer_mode,SMOTE,Test-FalsePositiveRate,0.04
SVM,SimpleImputer_mean__SimpleImputer_mode,SMOTE,Test-FalsePositiveRate,0.04
LogisticRegression,SimpleImputer_mean__SimpleImputer_mode,ADASYN,Test-FalsePositiveRate,0.02
DecisionTree,SimpleImputer_mean__SimpleImputer_mode,ADASYN,Test-FalsePositiveRate,0.03
NaiveBayes,SimpleImputer_mean__SimpleImputer_mode,ADASYN,Test-FalsePositiveRate,0.04
KNN,SimpleImputer_mean__SimpleImputer_mode,ADASYN,Test-FalsePositiveRate,0.04
SVM,SimpleImputer_mean__SimpleImputer_mode,ADASYN,Test-FalsePositiveRate,0.04
LogisticRegression,SimpleImputer_mean__SimpleImputer_mode,OriginalData,Test-FalsePositiveRate,0.02
DecisionTree,SimpleImputer_mean__SimpleImputer_mode,OriginalData,Test-FalsePositiveRate,0.03
NaiveBayes,SimpleImputer_mean__SimpleImputer_mode,OriginalData,Test-FalsePositiveRate,0.04
KNN,SimpleImputer_mean__SimpleImputer_mode,OriginalData,Test-FalsePositiveRate,0.04
SVM,SimpleImputer_mean__SimpleImputer_mode,OriginalData,Test-FalsePositiveRate,0.04
LogisticRegression,SimpleImputer_mean__SimpleImputer_mode,ClusterCentroids,Test-FalsePositiveRate,0.03
DecisionTree,SimpleImputer_mean__SimpleImputer_mode,ClusterCentroids,Test-FalsePositiveRate,0.03
NaiveBayes,SimpleImputer_mean__SimpleImputer_mode,ClusterCentroids,Test-FalsePositiveRate,0.04
KNN,SimpleImputer_mean__SimpleImputer_mode,ClusterCentroids,Test-FalsePositiveRate,0.05
SVM,SimpleImputer_mean__SimpleImputer_mode,ClusterCentroids,Test-FalsePositiveRate,0.03
LogisticRegression,KNNImptuer__SimpleImputer_mode,SMOTE,Test-FalsePositiveRate,0.02
DecisionTree,KNNImptuer__SimpleImputer_mode,SMOTE,Test-FalsePositiveRate,0.04
NaiveBayes,KNNImptuer__SimpleImputer_mode,SMOTE,Test-FalsePositiveRate,0.04
KNN,KNNImptuer__SimpleImputer_mode,SMOTE,Test-FalsePositiveRate,0.04
SVM,KNNImptuer__SimpleImputer_mode,SMOTE,Test-FalsePositiveRate,0.03
LogisticRegression,KNNImptuer__SimpleImputer_mode,ADASYN,Test-FalsePositiveRate,0.02
DecisionTree,KNNImptuer__SimpleImputer_mode,ADASYN,Test-FalsePositiveRate,0.03
NaiveBayes,KNNImptuer__SimpleImputer_mode,ADASYN,Test-FalsePositiveRate,0.04
KNN,KNNImptuer__SimpleImputer_mode,ADASYN,Test-FalsePositiveRate,0.04
SVM,KNNImptuer__SimpleImputer_mode,ADASYN,Test-FalsePositiveRate,0.03
LogisticRegression,KNNImptuer__SimpleImputer_mode,OriginalData,Test-FalsePositiveRate,0.02
DecisionTree,KNNImptuer__SimpleImputer_mode,OriginalData,Test-FalsePositiveRate,0.04
NaiveBayes,KNNImptuer__SimpleImputer_mode,OriginalData,Test-FalsePositiveRate,0.04
KNN,KNNImptuer__SimpleImputer_mode,OriginalData,Test-FalsePositiveRate,0.04
SVM,KNNImptuer__SimpleImputer_mode,OriginalData,Test-FalsePositiveRate,0.03
LogisticRegression,KNNImptuer__SimpleImputer_mode,ClusterCentroids,Test-FalsePositiveRate,0.03
DecisionTree,KNNImptuer__SimpleImputer_mode,ClusterCentroids,Test-FalsePositiveRate,0.03
NaiveBayes,KNNImptuer__SimpleImputer_mode,ClusterCentroids,Test-FalsePositiveRate,0.04
KNN,KNNImptuer__SimpleImputer_mode,ClusterCentroids,Test-FalsePositiveRate,0.05
SVM,KNNImptuer__SimpleImputer_mode,ClusterCentroids,Test-FalsePositiveRate,0.03
