Algorithm,ImputerNum,ImputerCat,Imbalance,Metrics,Score
LogisticRegression,SimpleImputer_mean,SimpleImputer_mode,SMOTE,Train-F-1,0.9755747126436781
DecisionTree,SimpleImputer_mean,SimpleImputer_mode,SMOTE,Train-F-1,1.0
NaiveBayes,SimpleImputer_mean,SimpleImputer_mode,SMOTE,Train-F-1,0.934503614102375
KNN,SimpleImputer_mean,SimpleImputer_mode,SMOTE,Train-F-1,0.9819474058280029
SVM,SimpleImputer_mean,SimpleImputer_mode,SMOTE,Train-F-1,0.9825913242009132
LogisticRegression,SimpleImputer_mean,SimpleImputer_mode,ADASYN,Train-F-1,0.9755747126436781
DecisionTree,SimpleImputer_mean,SimpleImputer_mode,ADASYN,Train-F-1,1.0
NaiveBayes,SimpleImputer_mean,SimpleImputer_mode,ADASYN,Train-F-1,0.934503614102375
KNN,SimpleImputer_mean,SimpleImputer_mode,ADASYN,Train-F-1,0.9819474058280029
SVM,SimpleImputer_mean,SimpleImputer_mode,ADASYN,Train-F-1,0.9825913242009132
LogisticRegression,SimpleImputer_mean,SimpleImputer_mode,OriginalData,Train-F-1,0.9755747126436781
DecisionTree,SimpleImputer_mean,SimpleImputer_mode,OriginalData,Train-F-1,1.0
NaiveBayes,SimpleImputer_mean,SimpleImputer_mode,OriginalData,Train-F-1,0.934503614102375
KNN,SimpleImputer_mean,SimpleImputer_mode,OriginalData,Train-F-1,0.9819474058280029
SVM,SimpleImputer_mean,SimpleImputer_mode,OriginalData,Train-F-1,0.9825913242009132
LogisticRegression,SimpleImputer_mean,SimpleImputer_mode,ClusterCentroids,Train-F-1,0.9769379984194266
DecisionTree,SimpleImputer_mean,SimpleImputer_mode,ClusterCentroids,Train-F-1,1.0
NaiveBayes,SimpleImputer_mean,SimpleImputer_mode,ClusterCentroids,Train-F-1,0.9384366735233617
KNN,SimpleImputer_mean,SimpleImputer_mode,ClusterCentroids,Train-F-1,0.9811803138981606
SVM,SimpleImputer_mean,SimpleImputer_mode,ClusterCentroids,Train-F-1,0.9828522434981424
LogisticRegression,KNNImptuer,SimpleImputer_mode,SMOTE,Train-F-1,0.9757989228007181
DecisionTree,KNNImptuer,SimpleImputer_mode,SMOTE,Train-F-1,1.0
NaiveBayes,KNNImptuer,SimpleImputer_mode,SMOTE,Train-F-1,0.9349941037735849
KNN,KNNImptuer,SimpleImputer_mode,SMOTE,Train-F-1,0.9823763501989767
SVM,KNNImptuer,SimpleImputer_mode,SMOTE,Train-F-1,0.9827918600499822
LogisticRegression,KNNImptuer,SimpleImputer_mode,ADASYN,Train-F-1,0.9757989228007181
DecisionTree,KNNImptuer,SimpleImputer_mode,ADASYN,Train-F-1,1.0
NaiveBayes,KNNImptuer,SimpleImputer_mode,ADASYN,Train-F-1,0.9349941037735849
KNN,KNNImptuer,SimpleImputer_mode,ADASYN,Train-F-1,0.9823763501989767
SVM,KNNImptuer,SimpleImputer_mode,ADASYN,Train-F-1,0.9827918600499822
LogisticRegression,KNNImptuer,SimpleImputer_mode,OriginalData,Train-F-1,0.9757989228007181
DecisionTree,KNNImptuer,SimpleImputer_mode,OriginalData,Train-F-1,1.0
NaiveBayes,KNNImptuer,SimpleImputer_mode,OriginalData,Train-F-1,0.9349941037735849
KNN,KNNImptuer,SimpleImputer_mode,OriginalData,Train-F-1,0.9823763501989767
SVM,KNNImptuer,SimpleImputer_mode,OriginalData,Train-F-1,0.9827918600499822
LogisticRegression,KNNImptuer,SimpleImputer_mode,ClusterCentroids,Train-F-1,0.9770849795273328
DecisionTree,KNNImptuer,SimpleImputer_mode,ClusterCentroids,Train-F-1,1.0
NaiveBayes,KNNImptuer,SimpleImputer_mode,ClusterCentroids,Train-F-1,0.9375367430922986
KNN,KNNImptuer,SimpleImputer_mode,ClusterCentroids,Train-F-1,0.9815314675380026
SVM,KNNImptuer,SimpleImputer_mode,ClusterCentroids,Train-F-1,0.9830218290769012
LogisticRegression,SimpleImputer_mean,SimpleImputer_mode,SMOTE,Train-Accuracy,0.975651675737611
DecisionTree,SimpleImputer_mean,SimpleImputer_mode,SMOTE,Train-Accuracy,1.0
NaiveBayes,SimpleImputer_mean,SimpleImputer_mode,SMOTE,Train-Accuracy,0.9364079060441134
KNN,SimpleImputer_mean,SimpleImputer_mode,SMOTE,Train-Accuracy,0.981810369521627
SVM,SimpleImputer_mean,SimpleImputer_mode,SMOTE,Train-Accuracy,0.9825264967058149
LogisticRegression,SimpleImputer_mean,SimpleImputer_mode,ADASYN,Train-Accuracy,0.975651675737611
DecisionTree,SimpleImputer_mean,SimpleImputer_mode,ADASYN,Train-Accuracy,1.0
NaiveBayes,SimpleImputer_mean,SimpleImputer_mode,ADASYN,Train-Accuracy,0.9364079060441134
KNN,SimpleImputer_mean,SimpleImputer_mode,ADASYN,Train-Accuracy,0.981810369521627
SVM,SimpleImputer_mean,SimpleImputer_mode,ADASYN,Train-Accuracy,0.9825264967058149
LogisticRegression,SimpleImputer_mean,SimpleImputer_mode,OriginalData,Train-Accuracy,0.975651675737611
DecisionTree,SimpleImputer_mean,SimpleImputer_mode,OriginalData,Train-Accuracy,1.0
NaiveBayes,SimpleImputer_mean,SimpleImputer_mode,OriginalData,Train-Accuracy,0.9364079060441134
KNN,SimpleImputer_mean,SimpleImputer_mode,OriginalData,Train-Accuracy,0.981810369521627
SVM,SimpleImputer_mean,SimpleImputer_mode,OriginalData,Train-Accuracy,0.9825264967058149
LogisticRegression,SimpleImputer_mean,SimpleImputer_mode,ClusterCentroids,Train-Accuracy,0.977012317387568
DecisionTree,SimpleImputer_mean,SimpleImputer_mode,ClusterCentroids,Train-Accuracy,1.0
NaiveBayes,SimpleImputer_mean,SimpleImputer_mode,ClusterCentroids,Train-Accuracy,0.939988541965053
KNN,SimpleImputer_mean,SimpleImputer_mode,ClusterCentroids,Train-Accuracy,0.9810226296190203
SVM,SimpleImputer_mean,SimpleImputer_mode,ClusterCentroids,Train-Accuracy,0.9828129475794901
LogisticRegression,KNNImptuer,SimpleImputer_mode,SMOTE,Train-Accuracy,0.9758665138928674
DecisionTree,KNNImptuer,SimpleImputer_mode,SMOTE,Train-Accuracy,1.0
NaiveBayes,KNNImptuer,SimpleImputer_mode,SMOTE,Train-Accuracy,0.9368375823546262
KNN,KNNImptuer,SimpleImputer_mode,SMOTE,Train-Accuracy,0.9822400458321398
SVM,KNNImptuer,SimpleImputer_mode,SMOTE,Train-Accuracy,0.9827413348610713
LogisticRegression,KNNImptuer,SimpleImputer_mode,ADASYN,Train-Accuracy,0.9758665138928674
DecisionTree,KNNImptuer,SimpleImputer_mode,ADASYN,Train-Accuracy,1.0
NaiveBayes,KNNImptuer,SimpleImputer_mode,ADASYN,Train-Accuracy,0.9368375823546262
KNN,KNNImptuer,SimpleImputer_mode,ADASYN,Train-Accuracy,0.9822400458321398
SVM,KNNImptuer,SimpleImputer_mode,ADASYN,Train-Accuracy,0.9827413348610713
LogisticRegression,KNNImptuer,SimpleImputer_mode,OriginalData,Train-Accuracy,0.9758665138928674
DecisionTree,KNNImptuer,SimpleImputer_mode,OriginalData,Train-Accuracy,1.0
NaiveBayes,KNNImptuer,SimpleImputer_mode,OriginalData,Train-Accuracy,0.9368375823546262
KNN,KNNImptuer,SimpleImputer_mode,OriginalData,Train-Accuracy,0.9822400458321398
SVM,KNNImptuer,SimpleImputer_mode,OriginalData,Train-Accuracy,0.9827413348610713
LogisticRegression,KNNImptuer,SimpleImputer_mode,ClusterCentroids,Train-Accuracy,0.9771555428244056
DecisionTree,KNNImptuer,SimpleImputer_mode,ClusterCentroids,Train-Accuracy,1.0
NaiveBayes,KNNImptuer,SimpleImputer_mode,ClusterCentroids,Train-Accuracy,0.9391291893440274
KNN,KNNImptuer,SimpleImputer_mode,ClusterCentroids,Train-Accuracy,0.9813806932111143
SVM,KNNImptuer,SimpleImputer_mode,ClusterCentroids,Train-Accuracy,0.9829561730163277
LogisticRegression,SimpleImputer_mean,SimpleImputer_mode,SMOTE,Train-Kappa,0.9513031566811518
DecisionTree,SimpleImputer_mean,SimpleImputer_mode,SMOTE,Train-Kappa,1.0
NaiveBayes,SimpleImputer_mean,SimpleImputer_mode,SMOTE,Train-Kappa,0.8728105808358576
KNN,SimpleImputer_mean,SimpleImputer_mode,SMOTE,Train-Kappa,0.963621153216672
SVM,SimpleImputer_mean,SimpleImputer_mode,SMOTE,Train-Kappa,0.9650531977230365
LogisticRegression,SimpleImputer_mean,SimpleImputer_mode,ADASYN,Train-Kappa,0.9513031566811518
DecisionTree,SimpleImputer_mean,SimpleImputer_mode,ADASYN,Train-Kappa,1.0
NaiveBayes,SimpleImputer_mean,SimpleImputer_mode,ADASYN,Train-Kappa,0.8728105808358576
KNN,SimpleImputer_mean,SimpleImputer_mode,ADASYN,Train-Kappa,0.963621153216672
SVM,SimpleImputer_mean,SimpleImputer_mode,ADASYN,Train-Kappa,0.9650531977230365
LogisticRegression,SimpleImputer_mean,SimpleImputer_mode,OriginalData,Train-Kappa,0.9513031566811518
DecisionTree,SimpleImputer_mean,SimpleImputer_mode,OriginalData,Train-Kappa,1.0
NaiveBayes,SimpleImputer_mean,SimpleImputer_mode,OriginalData,Train-Kappa,0.8728105808358576
KNN,SimpleImputer_mean,SimpleImputer_mode,OriginalData,Train-Kappa,0.963621153216672
SVM,SimpleImputer_mean,SimpleImputer_mode,OriginalData,Train-Kappa,0.9650531977230365
LogisticRegression,SimpleImputer_mean,SimpleImputer_mode,ClusterCentroids,Train-Kappa,0.9540249233670772
DecisionTree,SimpleImputer_mean,SimpleImputer_mode,ClusterCentroids,Train-Kappa,1.0
NaiveBayes,SimpleImputer_mean,SimpleImputer_mode,ClusterCentroids,Train-Kappa,0.8799823722732366
KNN,SimpleImputer_mean,SimpleImputer_mode,ClusterCentroids,Train-Kappa,0.9620447406929785
SVM,SimpleImputer_mean,SimpleImputer_mode,ClusterCentroids,Train-Kappa,0.9656257851577109
LogisticRegression,KNNImptuer,SimpleImputer_mode,SMOTE,Train-Kappa,0.9517328594637655
DecisionTree,KNNImptuer,SimpleImputer_mode,SMOTE,Train-Kappa,1.0
NaiveBayes,KNNImptuer,SimpleImputer_mode,SMOTE,Train-Kappa,0.8736700983820969
KNN,KNNImptuer,SimpleImputer_mode,SMOTE,Train-Kappa,0.9644805033402915
SVM,KNNImptuer,SimpleImputer_mode,SMOTE,Train-Kappa,0.9654828325779673
LogisticRegression,KNNImptuer,SimpleImputer_mode,ADASYN,Train-Kappa,0.9517328594637655
DecisionTree,KNNImptuer,SimpleImputer_mode,ADASYN,Train-Kappa,1.0
NaiveBayes,KNNImptuer,SimpleImputer_mode,ADASYN,Train-Kappa,0.8736700983820969
KNN,KNNImptuer,SimpleImputer_mode,ADASYN,Train-Kappa,0.9644805033402915
SVM,KNNImptuer,SimpleImputer_mode,ADASYN,Train-Kappa,0.9654828325779673
LogisticRegression,KNNImptuer,SimpleImputer_mode,OriginalData,Train-Kappa,0.9517328594637655
DecisionTree,KNNImptuer,SimpleImputer_mode,OriginalData,Train-Kappa,1.0
NaiveBayes,KNNImptuer,SimpleImputer_mode,OriginalData,Train-Kappa,0.8736700983820969
KNN,KNNImptuer,SimpleImputer_mode,OriginalData,Train-Kappa,0.9644805033402915
SVM,KNNImptuer,SimpleImputer_mode,OriginalData,Train-Kappa,0.9654828325779673
LogisticRegression,KNNImptuer,SimpleImputer_mode,ClusterCentroids,Train-Kappa,0.9543113611959215
DecisionTree,KNNImptuer,SimpleImputer_mode,ClusterCentroids,Train-Kappa,1.0
NaiveBayes,KNNImptuer,SimpleImputer_mode,ClusterCentroids,Train-Kappa,0.8782638026903357
KNN,KNNImptuer,SimpleImputer_mode,ClusterCentroids,Train-Kappa,0.9627608914115209
SVM,KNNImptuer,SimpleImputer_mode,ClusterCentroids,Train-Kappa,0.965912144645171
LogisticRegression,SimpleImputer_mean,SimpleImputer_mode,SMOTE,Train-TP,6790.0
DecisionTree,SimpleImputer_mean,SimpleImputer_mode,SMOTE,Train-TP,6977.0
NaiveBayes,SimpleImputer_mean,SimpleImputer_mode,SMOTE,Train-TP,6335.0
KNN,SimpleImputer_mean,SimpleImputer_mode,SMOTE,Train-TP,6908.0
SVM,SimpleImputer_mean,SimpleImputer_mode,SMOTE,Train-TP,6886.0
LogisticRegression,SimpleImputer_mean,SimpleImputer_mode,ADASYN,Train-TP,6790.0
DecisionTree,SimpleImputer_mean,SimpleImputer_mode,ADASYN,Train-TP,6977.0
NaiveBayes,SimpleImputer_mean,SimpleImputer_mode,ADASYN,Train-TP,6335.0
KNN,SimpleImputer_mean,SimpleImputer_mode,ADASYN,Train-TP,6908.0
SVM,SimpleImputer_mean,SimpleImputer_mode,ADASYN,Train-TP,6886.0
LogisticRegression,SimpleImputer_mean,SimpleImputer_mode,OriginalData,Train-TP,6790.0
DecisionTree,SimpleImputer_mean,SimpleImputer_mode,OriginalData,Train-TP,6977.0
NaiveBayes,SimpleImputer_mean,SimpleImputer_mode,OriginalData,Train-TP,6335.0
KNN,SimpleImputer_mean,SimpleImputer_mode,OriginalData,Train-TP,6908.0
SVM,SimpleImputer_mean,SimpleImputer_mode,OriginalData,Train-TP,6886.0
LogisticRegression,SimpleImputer_mean,SimpleImputer_mode,ClusterCentroids,Train-TP,6799.0
DecisionTree,SimpleImputer_mean,SimpleImputer_mode,ClusterCentroids,Train-TP,6988.0
NaiveBayes,SimpleImputer_mean,SimpleImputer_mode,ClusterCentroids,Train-TP,6387.0
KNN,SimpleImputer_mean,SimpleImputer_mode,ClusterCentroids,Train-TP,6908.0
SVM,SimpleImputer_mean,SimpleImputer_mode,ClusterCentroids,Train-TP,6878.0
LogisticRegression,KNNImptuer,SimpleImputer_mode,SMOTE,Train-TP,6794.0
DecisionTree,KNNImptuer,SimpleImputer_mode,SMOTE,Train-TP,6977.0
NaiveBayes,KNNImptuer,SimpleImputer_mode,SMOTE,Train-TP,6343.0
KNN,KNNImptuer,SimpleImputer_mode,SMOTE,Train-TP,6912.0
SVM,KNNImptuer,SimpleImputer_mode,SMOTE,Train-TP,6882.0
LogisticRegression,KNNImptuer,SimpleImputer_mode,ADASYN,Train-TP,6794.0
DecisionTree,KNNImptuer,SimpleImputer_mode,ADASYN,Train-TP,6977.0
NaiveBayes,KNNImptuer,SimpleImputer_mode,ADASYN,Train-TP,6343.0
KNN,KNNImptuer,SimpleImputer_mode,ADASYN,Train-TP,6912.0
SVM,KNNImptuer,SimpleImputer_mode,ADASYN,Train-TP,6882.0
LogisticRegression,KNNImptuer,SimpleImputer_mode,OriginalData,Train-TP,6794.0
DecisionTree,KNNImptuer,SimpleImputer_mode,OriginalData,Train-TP,6977.0
NaiveBayes,KNNImptuer,SimpleImputer_mode,OriginalData,Train-TP,6343.0
KNN,KNNImptuer,SimpleImputer_mode,OriginalData,Train-TP,6912.0
SVM,KNNImptuer,SimpleImputer_mode,OriginalData,Train-TP,6882.0
LogisticRegression,KNNImptuer,SimpleImputer_mode,ClusterCentroids,Train-TP,6801.0
DecisionTree,KNNImptuer,SimpleImputer_mode,ClusterCentroids,Train-TP,6988.0
NaiveBayes,KNNImptuer,SimpleImputer_mode,ClusterCentroids,Train-TP,6379.0
KNN,KNNImptuer,SimpleImputer_mode,ClusterCentroids,Train-TP,6909.0
SVM,KNNImptuer,SimpleImputer_mode,ClusterCentroids,Train-TP,6890.0
LogisticRegression,SimpleImputer_mean,SimpleImputer_mode,SMOTE,Train-FP,153.0
DecisionTree,SimpleImputer_mean,SimpleImputer_mode,SMOTE,Train-FP,0.0
NaiveBayes,SimpleImputer_mean,SimpleImputer_mode,SMOTE,Train-FP,246.0
KNN,SimpleImputer_mean,SimpleImputer_mode,SMOTE,Train-FP,185.0
SVM,SimpleImputer_mean,SimpleImputer_mode,SMOTE,Train-FP,153.0
LogisticRegression,SimpleImputer_mean,SimpleImputer_mode,ADASYN,Train-FP,153.0
DecisionTree,SimpleImputer_mean,SimpleImputer_mode,ADASYN,Train-FP,0.0
NaiveBayes,SimpleImputer_mean,SimpleImputer_mode,ADASYN,Train-FP,246.0
KNN,SimpleImputer_mean,SimpleImputer_mode,ADASYN,Train-FP,185.0
SVM,SimpleImputer_mean,SimpleImputer_mode,ADASYN,Train-FP,153.0
LogisticRegression,SimpleImputer_mean,SimpleImputer_mode,OriginalData,Train-FP,153.0
DecisionTree,SimpleImputer_mean,SimpleImputer_mode,OriginalData,Train-FP,0.0
NaiveBayes,SimpleImputer_mean,SimpleImputer_mode,OriginalData,Train-FP,246.0
KNN,SimpleImputer_mean,SimpleImputer_mode,OriginalData,Train-FP,185.0
SVM,SimpleImputer_mean,SimpleImputer_mode,OriginalData,Train-FP,153.0
LogisticRegression,SimpleImputer_mean,SimpleImputer_mode,ClusterCentroids,Train-FP,132.0
DecisionTree,SimpleImputer_mean,SimpleImputer_mode,ClusterCentroids,Train-FP,0.0
NaiveBayes,SimpleImputer_mean,SimpleImputer_mode,ClusterCentroids,Train-FP,237.0
KNN,SimpleImputer_mean,SimpleImputer_mode,ClusterCentroids,Train-FP,185.0
SVM,SimpleImputer_mean,SimpleImputer_mode,ClusterCentroids,Train-FP,130.0
LogisticRegression,KNNImptuer,SimpleImputer_mode,SMOTE,Train-FP,154.0
DecisionTree,KNNImptuer,SimpleImputer_mode,SMOTE,Train-FP,0.0
NaiveBayes,KNNImptuer,SimpleImputer_mode,SMOTE,Train-FP,248.0
KNN,KNNImptuer,SimpleImputer_mode,SMOTE,Train-FP,183.0
SVM,KNNImptuer,SimpleImputer_mode,SMOTE,Train-FP,146.0
LogisticRegression,KNNImptuer,SimpleImputer_mode,ADASYN,Train-FP,154.0
DecisionTree,KNNImptuer,SimpleImputer_mode,ADASYN,Train-FP,0.0
NaiveBayes,KNNImptuer,SimpleImputer_mode,ADASYN,Train-FP,248.0
KNN,KNNImptuer,SimpleImputer_mode,ADASYN,Train-FP,183.0
SVM,KNNImptuer,SimpleImputer_mode,ADASYN,Train-FP,146.0
LogisticRegression,KNNImptuer,SimpleImputer_mode,OriginalData,Train-FP,154.0
DecisionTree,KNNImptuer,SimpleImputer_mode,OriginalData,Train-FP,0.0
NaiveBayes,KNNImptuer,SimpleImputer_mode,OriginalData,Train-FP,248.0
KNN,KNNImptuer,SimpleImputer_mode,OriginalData,Train-FP,183.0
SVM,KNNImptuer,SimpleImputer_mode,OriginalData,Train-FP,146.0
LogisticRegression,KNNImptuer,SimpleImputer_mode,ClusterCentroids,Train-FP,132.0
DecisionTree,KNNImptuer,SimpleImputer_mode,ClusterCentroids,Train-FP,0.0
NaiveBayes,KNNImptuer,SimpleImputer_mode,ClusterCentroids,Train-FP,241.0
KNN,KNNImptuer,SimpleImputer_mode,ClusterCentroids,Train-FP,181.0
SVM,KNNImptuer,SimpleImputer_mode,ClusterCentroids,Train-FP,140.0
LogisticRegression,SimpleImputer_mean,SimpleImputer_mode,SMOTE,Train-TN,6834.0
DecisionTree,SimpleImputer_mean,SimpleImputer_mode,SMOTE,Train-TN,6987.0
NaiveBayes,SimpleImputer_mean,SimpleImputer_mode,SMOTE,Train-TN,6741.0
KNN,SimpleImputer_mean,SimpleImputer_mode,SMOTE,Train-TN,6802.0
SVM,SimpleImputer_mean,SimpleImputer_mode,SMOTE,Train-TN,6834.0
LogisticRegression,SimpleImputer_mean,SimpleImputer_mode,ADASYN,Train-TN,6834.0
DecisionTree,SimpleImputer_mean,SimpleImputer_mode,ADASYN,Train-TN,6987.0
NaiveBayes,SimpleImputer_mean,SimpleImputer_mode,ADASYN,Train-TN,6741.0
KNN,SimpleImputer_mean,SimpleImputer_mode,ADASYN,Train-TN,6802.0
SVM,SimpleImputer_mean,SimpleImputer_mode,ADASYN,Train-TN,6834.0
LogisticRegression,SimpleImputer_mean,SimpleImputer_mode,OriginalData,Train-TN,6834.0
DecisionTree,SimpleImputer_mean,SimpleImputer_mode,OriginalData,Train-TN,6987.0
NaiveBayes,SimpleImputer_mean,SimpleImputer_mode,OriginalData,Train-TN,6741.0
KNN,SimpleImputer_mean,SimpleImputer_mode,OriginalData,Train-TN,6802.0
SVM,SimpleImputer_mean,SimpleImputer_mode,OriginalData,Train-TN,6834.0
LogisticRegression,SimpleImputer_mean,SimpleImputer_mode,ClusterCentroids,Train-TN,6844.0
DecisionTree,SimpleImputer_mean,SimpleImputer_mode,ClusterCentroids,Train-TN,6976.0
NaiveBayes,SimpleImputer_mean,SimpleImputer_mode,ClusterCentroids,Train-TN,6739.0
KNN,SimpleImputer_mean,SimpleImputer_mode,ClusterCentroids,Train-TN,6791.0
SVM,SimpleImputer_mean,SimpleImputer_mode,ClusterCentroids,Train-TN,6846.0
LogisticRegression,KNNImptuer,SimpleImputer_mode,SMOTE,Train-TN,6833.0
DecisionTree,KNNImptuer,SimpleImputer_mode,SMOTE,Train-TN,6987.0
NaiveBayes,KNNImptuer,SimpleImputer_mode,SMOTE,Train-TN,6739.0
KNN,KNNImptuer,SimpleImputer_mode,SMOTE,Train-TN,6804.0
SVM,KNNImptuer,SimpleImputer_mode,SMOTE,Train-TN,6841.0
LogisticRegression,KNNImptuer,SimpleImputer_mode,ADASYN,Train-TN,6833.0
DecisionTree,KNNImptuer,SimpleImputer_mode,ADASYN,Train-TN,6987.0
NaiveBayes,KNNImptuer,SimpleImputer_mode,ADASYN,Train-TN,6739.0
KNN,KNNImptuer,SimpleImputer_mode,ADASYN,Train-TN,6804.0
SVM,KNNImptuer,SimpleImputer_mode,ADASYN,Train-TN,6841.0
LogisticRegression,KNNImptuer,SimpleImputer_mode,OriginalData,Train-TN,6833.0
DecisionTree,KNNImptuer,SimpleImputer_mode,OriginalData,Train-TN,6987.0
NaiveBayes,KNNImptuer,SimpleImputer_mode,OriginalData,Train-TN,6739.0
KNN,KNNImptuer,SimpleImputer_mode,OriginalData,Train-TN,6804.0
SVM,KNNImptuer,SimpleImputer_mode,OriginalData,Train-TN,6841.0
LogisticRegression,KNNImptuer,SimpleImputer_mode,ClusterCentroids,Train-TN,6844.0
DecisionTree,KNNImptuer,SimpleImputer_mode,ClusterCentroids,Train-TN,6976.0
NaiveBayes,KNNImptuer,SimpleImputer_mode,ClusterCentroids,Train-TN,6735.0
KNN,KNNImptuer,SimpleImputer_mode,ClusterCentroids,Train-TN,6795.0
SVM,KNNImptuer,SimpleImputer_mode,ClusterCentroids,Train-TN,6836.0
LogisticRegression,SimpleImputer_mean,SimpleImputer_mode,SMOTE,Train-FN,187.0
DecisionTree,SimpleImputer_mean,SimpleImputer_mode,SMOTE,Train-FN,0.0
NaiveBayes,SimpleImputer_mean,SimpleImputer_mode,SMOTE,Train-FN,642.0
KNN,SimpleImputer_mean,SimpleImputer_mode,SMOTE,Train-FN,69.0
SVM,SimpleImputer_mean,SimpleImputer_mode,SMOTE,Train-FN,91.0
LogisticRegression,SimpleImputer_mean,SimpleImputer_mode,ADASYN,Train-FN,187.0
DecisionTree,SimpleImputer_mean,SimpleImputer_mode,ADASYN,Train-FN,0.0
NaiveBayes,SimpleImputer_mean,SimpleImputer_mode,ADASYN,Train-FN,642.0
KNN,SimpleImputer_mean,SimpleImputer_mode,ADASYN,Train-FN,69.0
SVM,SimpleImputer_mean,SimpleImputer_mode,ADASYN,Train-FN,91.0
LogisticRegression,SimpleImputer_mean,SimpleImputer_mode,OriginalData,Train-FN,187.0
DecisionTree,SimpleImputer_mean,SimpleImputer_mode,OriginalData,Train-FN,0.0
NaiveBayes,SimpleImputer_mean,SimpleImputer_mode,OriginalData,Train-FN,642.0
KNN,SimpleImputer_mean,SimpleImputer_mode,OriginalData,Train-FN,69.0
SVM,SimpleImputer_mean,SimpleImputer_mode,OriginalData,Train-FN,91.0
LogisticRegression,SimpleImputer_mean,SimpleImputer_mode,ClusterCentroids,Train-FN,189.0
DecisionTree,SimpleImputer_mean,SimpleImputer_mode,ClusterCentroids,Train-FN,0.0
NaiveBayes,SimpleImputer_mean,SimpleImputer_mode,ClusterCentroids,Train-FN,601.0
KNN,SimpleImputer_mean,SimpleImputer_mode,ClusterCentroids,Train-FN,80.0
SVM,SimpleImputer_mean,SimpleImputer_mode,ClusterCentroids,Train-FN,110.0
LogisticRegression,KNNImptuer,SimpleImputer_mode,SMOTE,Train-FN,183.0
DecisionTree,KNNImptuer,SimpleImputer_mode,SMOTE,Train-FN,0.0
NaiveBayes,KNNImptuer,SimpleImputer_mode,SMOTE,Train-FN,634.0
KNN,KNNImptuer,SimpleImputer_mode,SMOTE,Train-FN,65.0
SVM,KNNImptuer,SimpleImputer_mode,SMOTE,Train-FN,95.0
LogisticRegression,KNNImptuer,SimpleImputer_mode,ADASYN,Train-FN,183.0
DecisionTree,KNNImptuer,SimpleImputer_mode,ADASYN,Train-FN,0.0
NaiveBayes,KNNImptuer,SimpleImputer_mode,ADASYN,Train-FN,634.0
KNN,KNNImptuer,SimpleImputer_mode,ADASYN,Train-FN,65.0
SVM,KNNImptuer,SimpleImputer_mode,ADASYN,Train-FN,95.0
LogisticRegression,KNNImptuer,SimpleImputer_mode,OriginalData,Train-FN,183.0
DecisionTree,KNNImptuer,SimpleImputer_mode,OriginalData,Train-FN,0.0
NaiveBayes,KNNImptuer,SimpleImputer_mode,OriginalData,Train-FN,634.0
KNN,KNNImptuer,SimpleImputer_mode,OriginalData,Train-FN,65.0
SVM,KNNImptuer,SimpleImputer_mode,OriginalData,Train-FN,95.0
LogisticRegression,KNNImptuer,SimpleImputer_mode,ClusterCentroids,Train-FN,187.0
DecisionTree,KNNImptuer,SimpleImputer_mode,ClusterCentroids,Train-FN,0.0
NaiveBayes,KNNImptuer,SimpleImputer_mode,ClusterCentroids,Train-FN,609.0
KNN,KNNImptuer,SimpleImputer_mode,ClusterCentroids,Train-FN,79.0
SVM,KNNImptuer,SimpleImputer_mode,ClusterCentroids,Train-FN,98.0
LogisticRegression,SimpleImputer_mean,SimpleImputer_mode,SMOTE,Train-Recall,0.9731976494195212
DecisionTree,SimpleImputer_mean,SimpleImputer_mode,SMOTE,Train-Recall,1.0
NaiveBayes,SimpleImputer_mean,SimpleImputer_mode,SMOTE,Train-Recall,0.9079833739429555
KNN,SimpleImputer_mean,SimpleImputer_mode,SMOTE,Train-Recall,0.9901103626200373
SVM,SimpleImputer_mean,SimpleImputer_mode,SMOTE,Train-Recall,0.9869571449046868
LogisticRegression,SimpleImputer_mean,SimpleImputer_mode,ADASYN,Train-Recall,0.9731976494195212
DecisionTree,SimpleImputer_mean,SimpleImputer_mode,ADASYN,Train-Recall,1.0
NaiveBayes,SimpleImputer_mean,SimpleImputer_mode,ADASYN,Train-Recall,0.9079833739429555
KNN,SimpleImputer_mean,SimpleImputer_mode,ADASYN,Train-Recall,0.9901103626200373
SVM,SimpleImputer_mean,SimpleImputer_mode,ADASYN,Train-Recall,0.9869571449046868
LogisticRegression,SimpleImputer_mean,SimpleImputer_mode,OriginalData,Train-Recall,0.9731976494195212
DecisionTree,SimpleImputer_mean,SimpleImputer_mode,OriginalData,Train-Recall,1.0
NaiveBayes,SimpleImputer_mean,SimpleImputer_mode,OriginalData,Train-Recall,0.9079833739429555
KNN,SimpleImputer_mean,SimpleImputer_mode,OriginalData,Train-Recall,0.9901103626200373
SVM,SimpleImputer_mean,SimpleImputer_mode,OriginalData,Train-Recall,0.9869571449046868
LogisticRegression,SimpleImputer_mean,SimpleImputer_mode,ClusterCentroids,Train-Recall,0.9729536348025186
DecisionTree,SimpleImputer_mean,SimpleImputer_mode,ClusterCentroids,Train-Recall,1.0
NaiveBayes,SimpleImputer_mean,SimpleImputer_mode,ClusterCentroids,Train-Recall,0.9139954207212364
KNN,SimpleImputer_mean,SimpleImputer_mode,ClusterCentroids,Train-Recall,0.9885518030910132
SVM,SimpleImputer_mean,SimpleImputer_mode,ClusterCentroids,Train-Recall,0.9842587292501431
LogisticRegression,KNNImptuer,SimpleImputer_mode,SMOTE,Train-Recall,0.9737709617314032
DecisionTree,KNNImptuer,SimpleImputer_mode,SMOTE,Train-Recall,1.0
NaiveBayes,KNNImptuer,SimpleImputer_mode,SMOTE,Train-Recall,0.9091299985667192
KNN,KNNImptuer,SimpleImputer_mode,SMOTE,Train-Recall,0.9906836749319191
SVM,KNNImptuer,SimpleImputer_mode,SMOTE,Train-Recall,0.9863838325928049
LogisticRegression,KNNImptuer,SimpleImputer_mode,ADASYN,Train-Recall,0.9737709617314032
DecisionTree,KNNImptuer,SimpleImputer_mode,ADASYN,Train-Recall,1.0
NaiveBayes,KNNImptuer,SimpleImputer_mode,ADASYN,Train-Recall,0.9091299985667192
KNN,KNNImptuer,SimpleImputer_mode,ADASYN,Train-Recall,0.9906836749319191
SVM,KNNImptuer,SimpleImputer_mode,ADASYN,Train-Recall,0.9863838325928049
LogisticRegression,KNNImptuer,SimpleImputer_mode,OriginalData,Train-Recall,0.9737709617314032
DecisionTree,KNNImptuer,SimpleImputer_mode,OriginalData,Train-Recall,1.0
NaiveBayes,KNNImptuer,SimpleImputer_mode,OriginalData,Train-Recall,0.9091299985667192
KNN,KNNImptuer,SimpleImputer_mode,OriginalData,Train-Recall,0.9906836749319191
SVM,KNNImptuer,SimpleImputer_mode,OriginalData,Train-Recall,0.9863838325928049
LogisticRegression,KNNImptuer,SimpleImputer_mode,ClusterCentroids,Train-Recall,0.9732398397252433
DecisionTree,KNNImptuer,SimpleImputer_mode,ClusterCentroids,Train-Recall,1.0
NaiveBayes,KNNImptuer,SimpleImputer_mode,ClusterCentroids,Train-Recall,0.9128506010303378
KNN,KNNImptuer,SimpleImputer_mode,ClusterCentroids,Train-Recall,0.9886949055523755
SVM,KNNImptuer,SimpleImputer_mode,ClusterCentroids,Train-Recall,0.9859759587864911
LogisticRegression,SimpleImputer_mean,SimpleImputer_mode,SMOTE,Train-Precision,0.9779634163906092
DecisionTree,SimpleImputer_mean,SimpleImputer_mode,SMOTE,Train-Precision,1.0
NaiveBayes,SimpleImputer_mean,SimpleImputer_mode,SMOTE,Train-Precision,0.9626196626652485
KNN,SimpleImputer_mean,SimpleImputer_mode,SMOTE,Train-Precision,0.9739179472719582
SVM,SimpleImputer_mean,SimpleImputer_mode,SMOTE,Train-Precision,0.9782639579485722
LogisticRegression,SimpleImputer_mean,SimpleImputer_mode,ADASYN,Train-Precision,0.9779634163906092
DecisionTree,SimpleImputer_mean,SimpleImputer_mode,ADASYN,Train-Precision,1.0
NaiveBayes,SimpleImputer_mean,SimpleImputer_mode,ADASYN,Train-Precision,0.9626196626652485
KNN,SimpleImputer_mean,SimpleImputer_mode,ADASYN,Train-Precision,0.9739179472719582
SVM,SimpleImputer_mean,SimpleImputer_mode,ADASYN,Train-Precision,0.9782639579485722
LogisticRegression,SimpleImputer_mean,SimpleImputer_mode,OriginalData,Train-Precision,0.9779634163906092
DecisionTree,SimpleImputer_mean,SimpleImputer_mode,OriginalData,Train-Precision,1.0
NaiveBayes,SimpleImputer_mean,SimpleImputer_mode,OriginalData,Train-Precision,0.9626196626652485
KNN,SimpleImputer_mean,SimpleImputer_mode,OriginalData,Train-Precision,0.9739179472719582
SVM,SimpleImputer_mean,SimpleImputer_mode,OriginalData,Train-Precision,0.9782639579485722
LogisticRegression,SimpleImputer_mean,SimpleImputer_mode,ClusterCentroids,Train-Precision,0.9809551291299957
DecisionTree,SimpleImputer_mean,SimpleImputer_mode,ClusterCentroids,Train-Precision,1.0
NaiveBayes,SimpleImputer_mean,SimpleImputer_mode,ClusterCentroids,Train-Precision,0.9642210144927537
KNN,SimpleImputer_mean,SimpleImputer_mode,ClusterCentroids,Train-Precision,0.9739179472719582
SVM,SimpleImputer_mean,SimpleImputer_mode,ClusterCentroids,Train-Precision,0.9814497716894978
LogisticRegression,KNNImptuer,SimpleImputer_mode,SMOTE,Train-Precision,0.9778353483016695
DecisionTree,KNNImptuer,SimpleImputer_mode,SMOTE,Train-Precision,1.0
NaiveBayes,KNNImptuer,SimpleImputer_mode,SMOTE,Train-Precision,0.962372932787134
KNN,KNNImptuer,SimpleImputer_mode,SMOTE,Train-Precision,0.9742071881606765
SVM,KNNImptuer,SimpleImputer_mode,SMOTE,Train-Precision,0.979225953329539
LogisticRegression,KNNImptuer,SimpleImputer_mode,ADASYN,Train-Precision,0.9778353483016695
DecisionTree,KNNImptuer,SimpleImputer_mode,ADASYN,Train-Precision,1.0
NaiveBayes,KNNImptuer,SimpleImputer_mode,ADASYN,Train-Precision,0.962372932787134
KNN,KNNImptuer,SimpleImputer_mode,ADASYN,Train-Precision,0.9742071881606765
SVM,KNNImptuer,SimpleImputer_mode,ADASYN,Train-Precision,0.979225953329539
LogisticRegression,KNNImptuer,SimpleImputer_mode,OriginalData,Train-Precision,0.9778353483016695
DecisionTree,KNNImptuer,SimpleImputer_mode,OriginalData,Train-Precision,1.0
NaiveBayes,KNNImptuer,SimpleImputer_mode,OriginalData,Train-Precision,0.962372932787134
KNN,KNNImptuer,SimpleImputer_mode,OriginalData,Train-Precision,0.9742071881606765
SVM,KNNImptuer,SimpleImputer_mode,OriginalData,Train-Precision,0.979225953329539
LogisticRegression,KNNImptuer,SimpleImputer_mode,ClusterCentroids,Train-Precision,0.9809606231068801
DecisionTree,KNNImptuer,SimpleImputer_mode,ClusterCentroids,Train-Precision,1.0
NaiveBayes,KNNImptuer,SimpleImputer_mode,ClusterCentroids,Train-Precision,0.963595166163142
KNN,KNNImptuer,SimpleImputer_mode,ClusterCentroids,Train-Precision,0.9744710860366713
SVM,KNNImptuer,SimpleImputer_mode,ClusterCentroids,Train-Precision,0.9800853485064012
LogisticRegression,SimpleImputer_mean,SimpleImputer_mode,SMOTE,Train-FalseNegativeRate,0.03
DecisionTree,SimpleImputer_mean,SimpleImputer_mode,SMOTE,Train-FalseNegativeRate,0.0
NaiveBayes,SimpleImputer_mean,SimpleImputer_mode,SMOTE,Train-FalseNegativeRate,0.09
KNN,SimpleImputer_mean,SimpleImputer_mode,SMOTE,Train-FalseNegativeRate,0.01
SVM,SimpleImputer_mean,SimpleImputer_mode,SMOTE,Train-FalseNegativeRate,0.01
LogisticRegression,SimpleImputer_mean,SimpleImputer_mode,ADASYN,Train-FalseNegativeRate,0.03
DecisionTree,SimpleImputer_mean,SimpleImputer_mode,ADASYN,Train-FalseNegativeRate,0.0
NaiveBayes,SimpleImputer_mean,SimpleImputer_mode,ADASYN,Train-FalseNegativeRate,0.09
KNN,SimpleImputer_mean,SimpleImputer_mode,ADASYN,Train-FalseNegativeRate,0.01
SVM,SimpleImputer_mean,SimpleImputer_mode,ADASYN,Train-FalseNegativeRate,0.01
LogisticRegression,SimpleImputer_mean,SimpleImputer_mode,OriginalData,Train-FalseNegativeRate,0.03
DecisionTree,SimpleImputer_mean,SimpleImputer_mode,OriginalData,Train-FalseNegativeRate,0.0
NaiveBayes,SimpleImputer_mean,SimpleImputer_mode,OriginalData,Train-FalseNegativeRate,0.09
KNN,SimpleImputer_mean,SimpleImputer_mode,OriginalData,Train-FalseNegativeRate,0.01
SVM,SimpleImputer_mean,SimpleImputer_mode,OriginalData,Train-FalseNegativeRate,0.01
LogisticRegression,SimpleImputer_mean,SimpleImputer_mode,ClusterCentroids,Train-FalseNegativeRate,0.03
DecisionTree,SimpleImputer_mean,SimpleImputer_mode,ClusterCentroids,Train-FalseNegativeRate,0.0
NaiveBayes,SimpleImputer_mean,SimpleImputer_mode,ClusterCentroids,Train-FalseNegativeRate,0.09
KNN,SimpleImputer_mean,SimpleImputer_mode,ClusterCentroids,Train-FalseNegativeRate,0.01
SVM,SimpleImputer_mean,SimpleImputer_mode,ClusterCentroids,Train-FalseNegativeRate,0.02
LogisticRegression,KNNImptuer,SimpleImputer_mode,SMOTE,Train-FalseNegativeRate,0.03
DecisionTree,KNNImptuer,SimpleImputer_mode,SMOTE,Train-FalseNegativeRate,0.0
NaiveBayes,KNNImptuer,SimpleImputer_mode,SMOTE,Train-FalseNegativeRate,0.09
KNN,KNNImptuer,SimpleImputer_mode,SMOTE,Train-FalseNegativeRate,0.01
SVM,KNNImptuer,SimpleImputer_mode,SMOTE,Train-FalseNegativeRate,0.01
LogisticRegression,KNNImptuer,SimpleImputer_mode,ADASYN,Train-FalseNegativeRate,0.03
DecisionTree,KNNImptuer,SimpleImputer_mode,ADASYN,Train-FalseNegativeRate,0.0
NaiveBayes,KNNImptuer,SimpleImputer_mode,ADASYN,Train-FalseNegativeRate,0.09
KNN,KNNImptuer,SimpleImputer_mode,ADASYN,Train-FalseNegativeRate,0.01
SVM,KNNImptuer,SimpleImputer_mode,ADASYN,Train-FalseNegativeRate,0.01
LogisticRegression,KNNImptuer,SimpleImputer_mode,OriginalData,Train-FalseNegativeRate,0.03
DecisionTree,KNNImptuer,SimpleImputer_mode,OriginalData,Train-FalseNegativeRate,0.0
NaiveBayes,KNNImptuer,SimpleImputer_mode,OriginalData,Train-FalseNegativeRate,0.09
KNN,KNNImptuer,SimpleImputer_mode,OriginalData,Train-FalseNegativeRate,0.01
SVM,KNNImptuer,SimpleImputer_mode,OriginalData,Train-FalseNegativeRate,0.01
LogisticRegression,KNNImptuer,SimpleImputer_mode,ClusterCentroids,Train-FalseNegativeRate,0.03
DecisionTree,KNNImptuer,SimpleImputer_mode,ClusterCentroids,Train-FalseNegativeRate,0.0
NaiveBayes,KNNImptuer,SimpleImputer_mode,ClusterCentroids,Train-FalseNegativeRate,0.09
KNN,KNNImptuer,SimpleImputer_mode,ClusterCentroids,Train-FalseNegativeRate,0.01
SVM,KNNImptuer,SimpleImputer_mode,ClusterCentroids,Train-FalseNegativeRate,0.01
LogisticRegression,SimpleImputer_mean,SimpleImputer_mode,SMOTE,Train-FalsePositiveRate,0.02
DecisionTree,SimpleImputer_mean,SimpleImputer_mode,SMOTE,Train-FalsePositiveRate,0.0
NaiveBayes,SimpleImputer_mean,SimpleImputer_mode,SMOTE,Train-FalsePositiveRate,0.04
KNN,SimpleImputer_mean,SimpleImputer_mode,SMOTE,Train-FalsePositiveRate,0.03
SVM,SimpleImputer_mean,SimpleImputer_mode,SMOTE,Train-FalsePositiveRate,0.02
LogisticRegression,SimpleImputer_mean,SimpleImputer_mode,ADASYN,Train-FalsePositiveRate,0.02
DecisionTree,SimpleImputer_mean,SimpleImputer_mode,ADASYN,Train-FalsePositiveRate,0.0
NaiveBayes,SimpleImputer_mean,SimpleImputer_mode,ADASYN,Train-FalsePositiveRate,0.04
KNN,SimpleImputer_mean,SimpleImputer_mode,ADASYN,Train-FalsePositiveRate,0.03
SVM,SimpleImputer_mean,SimpleImputer_mode,ADASYN,Train-FalsePositiveRate,0.02
LogisticRegression,SimpleImputer_mean,SimpleImputer_mode,OriginalData,Train-FalsePositiveRate,0.02
DecisionTree,SimpleImputer_mean,SimpleImputer_mode,OriginalData,Train-FalsePositiveRate,0.0
NaiveBayes,SimpleImputer_mean,SimpleImputer_mode,OriginalData,Train-FalsePositiveRate,0.04
KNN,SimpleImputer_mean,SimpleImputer_mode,OriginalData,Train-FalsePositiveRate,0.03
SVM,SimpleImputer_mean,SimpleImputer_mode,OriginalData,Train-FalsePositiveRate,0.02
LogisticRegression,SimpleImputer_mean,SimpleImputer_mode,ClusterCentroids,Train-FalsePositiveRate,0.02
DecisionTree,SimpleImputer_mean,SimpleImputer_mode,ClusterCentroids,Train-FalsePositiveRate,0.0
NaiveBayes,SimpleImputer_mean,SimpleImputer_mode,ClusterCentroids,Train-FalsePositiveRate,0.03
KNN,SimpleImputer_mean,SimpleImputer_mode,ClusterCentroids,Train-FalsePositiveRate,0.03
SVM,SimpleImputer_mean,SimpleImputer_mode,ClusterCentroids,Train-FalsePositiveRate,0.02
LogisticRegression,KNNImptuer,SimpleImputer_mode,SMOTE,Train-FalsePositiveRate,0.02
DecisionTree,KNNImptuer,SimpleImputer_mode,SMOTE,Train-FalsePositiveRate,0.0
NaiveBayes,KNNImptuer,SimpleImputer_mode,SMOTE,Train-FalsePositiveRate,0.04
KNN,KNNImptuer,SimpleImputer_mode,SMOTE,Train-FalsePositiveRate,0.03
SVM,KNNImptuer,SimpleImputer_mode,SMOTE,Train-FalsePositiveRate,0.02
LogisticRegression,KNNImptuer,SimpleImputer_mode,ADASYN,Train-FalsePositiveRate,0.02
DecisionTree,KNNImptuer,SimpleImputer_mode,ADASYN,Train-FalsePositiveRate,0.0
NaiveBayes,KNNImptuer,SimpleImputer_mode,ADASYN,Train-FalsePositiveRate,0.04
KNN,KNNImptuer,SimpleImputer_mode,ADASYN,Train-FalsePositiveRate,0.03
SVM,KNNImptuer,SimpleImputer_mode,ADASYN,Train-FalsePositiveRate,0.02
LogisticRegression,KNNImptuer,SimpleImputer_mode,OriginalData,Train-FalsePositiveRate,0.02
DecisionTree,KNNImptuer,SimpleImputer_mode,OriginalData,Train-FalsePositiveRate,0.0
NaiveBayes,KNNImptuer,SimpleImputer_mode,OriginalData,Train-FalsePositiveRate,0.04
KNN,KNNImptuer,SimpleImputer_mode,OriginalData,Train-FalsePositiveRate,0.03
SVM,KNNImptuer,SimpleImputer_mode,OriginalData,Train-FalsePositiveRate,0.02
LogisticRegression,KNNImptuer,SimpleImputer_mode,ClusterCentroids,Train-FalsePositiveRate,0.02
DecisionTree,KNNImptuer,SimpleImputer_mode,ClusterCentroids,Train-FalsePositiveRate,0.0
NaiveBayes,KNNImptuer,SimpleImputer_mode,ClusterCentroids,Train-FalsePositiveRate,0.03
KNN,KNNImptuer,SimpleImputer_mode,ClusterCentroids,Train-FalsePositiveRate,0.03
SVM,KNNImptuer,SimpleImputer_mode,ClusterCentroids,Train-FalsePositiveRate,0.02
LogisticRegression,SimpleImputer_mean,SimpleImputer_mode,SMOTE,Test-F-1,0.977233921457029
DecisionTree,SimpleImputer_mean,SimpleImputer_mode,SMOTE,Test-F-1,0.9724822695035461
NaiveBayes,SimpleImputer_mean,SimpleImputer_mode,SMOTE,Test-F-1,0.9440885264997088
KNN,SimpleImputer_mean,SimpleImputer_mode,SMOTE,Test-F-1,0.9720890893712997
SVM,SimpleImputer_mean,SimpleImputer_mode,SMOTE,Test-F-1,0.9788434414668548
LogisticRegression,SimpleImputer_mean,SimpleImputer_mode,ADASYN,Test-F-1,0.977233921457029
DecisionTree,SimpleImputer_mean,SimpleImputer_mode,ADASYN,Test-F-1,0.9724978735469237
NaiveBayes,SimpleImputer_mean,SimpleImputer_mode,ADASYN,Test-F-1,0.9440885264997088
KNN,SimpleImputer_mean,SimpleImputer_mode,ADASYN,Test-F-1,0.9720890893712997
SVM,SimpleImputer_mean,SimpleImputer_mode,ADASYN,Test-F-1,0.9788434414668548
LogisticRegression,SimpleImputer_mean,SimpleImputer_mode,OriginalData,Test-F-1,0.977233921457029
DecisionTree,SimpleImputer_mean,SimpleImputer_mode,OriginalData,Test-F-1,0.9738636363636364
NaiveBayes,SimpleImputer_mean,SimpleImputer_mode,OriginalData,Test-F-1,0.9440885264997088
KNN,SimpleImputer_mean,SimpleImputer_mode,OriginalData,Test-F-1,0.9720890893712997
SVM,SimpleImputer_mean,SimpleImputer_mode,OriginalData,Test-F-1,0.9788434414668548
LogisticRegression,SimpleImputer_mean,SimpleImputer_mode,ClusterCentroids,Test-F-1,0.9735935706084959
DecisionTree,SimpleImputer_mean,SimpleImputer_mode,ClusterCentroids,Test-F-1,0.968002306140098
NaiveBayes,SimpleImputer_mean,SimpleImputer_mode,ClusterCentroids,Test-F-1,0.9308213129231675
KNN,SimpleImputer_mean,SimpleImputer_mode,ClusterCentroids,Test-F-1,0.9668649107901445
SVM,SimpleImputer_mean,SimpleImputer_mode,ClusterCentroids,Test-F-1,0.9762789368390968
LogisticRegression,KNNImptuer,SimpleImputer_mode,SMOTE,Test-F-1,0.975762760193898
DecisionTree,KNNImptuer,SimpleImputer_mode,SMOTE,Test-F-1,0.9761499148211243
NaiveBayes,KNNImptuer,SimpleImputer_mode,SMOTE,Test-F-1,0.9363449691991786
KNN,KNNImptuer,SimpleImputer_mode,SMOTE,Test-F-1,0.9692177351030782
SVM,KNNImptuer,SimpleImputer_mode,SMOTE,Test-F-1,0.9770733088027173
LogisticRegression,KNNImptuer,SimpleImputer_mode,ADASYN,Test-F-1,0.975762760193898
DecisionTree,KNNImptuer,SimpleImputer_mode,ADASYN,Test-F-1,0.976929649672458
NaiveBayes,KNNImptuer,SimpleImputer_mode,ADASYN,Test-F-1,0.9363449691991786
KNN,KNNImptuer,SimpleImputer_mode,ADASYN,Test-F-1,0.9692177351030782
SVM,KNNImptuer,SimpleImputer_mode,ADASYN,Test-F-1,0.9770733088027173
LogisticRegression,KNNImptuer,SimpleImputer_mode,OriginalData,Test-F-1,0.975762760193898
DecisionTree,KNNImptuer,SimpleImputer_mode,OriginalData,Test-F-1,0.9780814118986622
NaiveBayes,KNNImptuer,SimpleImputer_mode,OriginalData,Test-F-1,0.9363449691991786
KNN,KNNImptuer,SimpleImputer_mode,OriginalData,Test-F-1,0.9692177351030782
SVM,KNNImptuer,SimpleImputer_mode,OriginalData,Test-F-1,0.9770733088027173
LogisticRegression,KNNImptuer,SimpleImputer_mode,ClusterCentroids,Test-F-1,0.9732835392128699
DecisionTree,KNNImptuer,SimpleImputer_mode,ClusterCentroids,Test-F-1,0.9700460829493087
NaiveBayes,KNNImptuer,SimpleImputer_mode,ClusterCentroids,Test-F-1,0.932392710170488
KNN,KNNImptuer,SimpleImputer_mode,ClusterCentroids,Test-F-1,0.9648127128263337
SVM,KNNImptuer,SimpleImputer_mode,ClusterCentroids,Test-F-1,0.9768637532133676
LogisticRegression,SimpleImputer_mean,SimpleImputer_mode,SMOTE,Test-Accuracy,0.97709049255441
DecisionTree,SimpleImputer_mean,SimpleImputer_mode,SMOTE,Test-Accuracy,0.9722222222222222
NaiveBayes,SimpleImputer_mean,SimpleImputer_mode,SMOTE,Test-Accuracy,0.9450171821305842
KNN,SimpleImputer_mean,SimpleImputer_mode,SMOTE,Test-Accuracy,0.9716494845360825
SVM,SimpleImputer_mean,SimpleImputer_mode,SMOTE,Test-Accuracy,0.9785223367697594
LogisticRegression,SimpleImputer_mean,SimpleImputer_mode,ADASYN,Test-Accuracy,0.97709049255441
DecisionTree,SimpleImputer_mean,SimpleImputer_mode,ADASYN,Test-Accuracy,0.9722222222222222
NaiveBayes,SimpleImputer_mean,SimpleImputer_mode,ADASYN,Test-Accuracy,0.9450171821305842
KNN,SimpleImputer_mean,SimpleImputer_mode,ADASYN,Test-Accuracy,0.9716494845360825
SVM,SimpleImputer_mean,SimpleImputer_mode,ADASYN,Test-Accuracy,0.9785223367697594
LogisticRegression,SimpleImputer_mean,SimpleImputer_mode,OriginalData,Test-Accuracy,0.97709049255441
DecisionTree,SimpleImputer_mean,SimpleImputer_mode,OriginalData,Test-Accuracy,0.9736540664375716
NaiveBayes,SimpleImputer_mean,SimpleImputer_mode,OriginalData,Test-Accuracy,0.9450171821305842
KNN,SimpleImputer_mean,SimpleImputer_mode,OriginalData,Test-Accuracy,0.9716494845360825
SVM,SimpleImputer_mean,SimpleImputer_mode,OriginalData,Test-Accuracy,0.9785223367697594
LogisticRegression,SimpleImputer_mean,SimpleImputer_mode,ClusterCentroids,Test-Accuracy,0.9736540664375716
DecisionTree,SimpleImputer_mean,SimpleImputer_mode,ClusterCentroids,Test-Accuracy,0.968213058419244
NaiveBayes,SimpleImputer_mean,SimpleImputer_mode,ClusterCentroids,Test-Accuracy,0.9327033218785796
KNN,SimpleImputer_mean,SimpleImputer_mode,ClusterCentroids,Test-Accuracy,0.9664948453608248
SVM,SimpleImputer_mean,SimpleImputer_mode,ClusterCentroids,Test-Accuracy,0.9762313860252004
LogisticRegression,KNNImptuer,SimpleImputer_mode,SMOTE,Test-Accuracy,0.9756586483390607
DecisionTree,KNNImptuer,SimpleImputer_mode,SMOTE,Test-Accuracy,0.9759450171821306
NaiveBayes,KNNImptuer,SimpleImputer_mode,SMOTE,Test-Accuracy,0.9378579610538373
KNN,KNNImptuer,SimpleImputer_mode,SMOTE,Test-Accuracy,0.9687857961053837
SVM,KNNImptuer,SimpleImputer_mode,SMOTE,Test-Accuracy,0.9768041237113402
LogisticRegression,KNNImptuer,SimpleImputer_mode,ADASYN,Test-Accuracy,0.9756586483390607
DecisionTree,KNNImptuer,SimpleImputer_mode,ADASYN,Test-Accuracy,0.9768041237113402
NaiveBayes,KNNImptuer,SimpleImputer_mode,ADASYN,Test-Accuracy,0.9378579610538373
KNN,KNNImptuer,SimpleImputer_mode,ADASYN,Test-Accuracy,0.9687857961053837
SVM,KNNImptuer,SimpleImputer_mode,ADASYN,Test-Accuracy,0.9768041237113402
LogisticRegression,KNNImptuer,SimpleImputer_mode,OriginalData,Test-Accuracy,0.9756586483390607
DecisionTree,KNNImptuer,SimpleImputer_mode,OriginalData,Test-Accuracy,0.9779495990836197
NaiveBayes,KNNImptuer,SimpleImputer_mode,OriginalData,Test-Accuracy,0.9378579610538373
KNN,KNNImptuer,SimpleImputer_mode,OriginalData,Test-Accuracy,0.9687857961053837
SVM,KNNImptuer,SimpleImputer_mode,OriginalData,Test-Accuracy,0.9768041237113402
LogisticRegression,KNNImptuer,SimpleImputer_mode,ClusterCentroids,Test-Accuracy,0.9733676975945017
DecisionTree,KNNImptuer,SimpleImputer_mode,ClusterCentroids,Test-Accuracy,0.9702176403207331
NaiveBayes,KNNImptuer,SimpleImputer_mode,ClusterCentroids,Test-Accuracy,0.934135166093929
KNN,KNNImptuer,SimpleImputer_mode,ClusterCentroids,Test-Accuracy,0.9644902634593356
SVM,KNNImptuer,SimpleImputer_mode,ClusterCentroids,Test-Accuracy,0.9768041237113402
LogisticRegression,SimpleImputer_mean,SimpleImputer_mode,SMOTE,Test-Kappa,0.9541797075282333
DecisionTree,SimpleImputer_mean,SimpleImputer_mode,SMOTE,Test-Kappa,0.9444418929948274
NaiveBayes,SimpleImputer_mean,SimpleImputer_mode,SMOTE,Test-Kappa,0.8900457257224162
KNN,SimpleImputer_mean,SimpleImputer_mode,SMOTE,Test-Kappa,0.9432943188028866
SVM,SimpleImputer_mean,SimpleImputer_mode,SMOTE,Test-Kappa,0.9570412915365931
LogisticRegression,SimpleImputer_mean,SimpleImputer_mode,ADASYN,Test-Kappa,0.9541797075282333
DecisionTree,SimpleImputer_mean,SimpleImputer_mode,ADASYN,Test-Kappa,0.9444417107394585
NaiveBayes,SimpleImputer_mean,SimpleImputer_mode,ADASYN,Test-Kappa,0.8900457257224162
KNN,SimpleImputer_mean,SimpleImputer_mode,ADASYN,Test-Kappa,0.9432943188028866
SVM,SimpleImputer_mean,SimpleImputer_mode,ADASYN,Test-Kappa,0.9570412915365931
LogisticRegression,SimpleImputer_mean,SimpleImputer_mode,OriginalData,Test-Kappa,0.9541797075282333
DecisionTree,SimpleImputer_mean,SimpleImputer_mode,OriginalData,Test-Kappa,0.9473061450904917
NaiveBayes,SimpleImputer_mean,SimpleImputer_mode,OriginalData,Test-Kappa,0.8900457257224162
KNN,SimpleImputer_mean,SimpleImputer_mode,OriginalData,Test-Kappa,0.9432943188028866
SVM,SimpleImputer_mean,SimpleImputer_mode,OriginalData,Test-Kappa,0.9570412915365931
LogisticRegression,SimpleImputer_mean,SimpleImputer_mode,ClusterCentroids,Test-Kappa,0.9473079254611442
DecisionTree,SimpleImputer_mean,SimpleImputer_mode,ClusterCentroids,Test-Kappa,0.9364239896549484
NaiveBayes,SimpleImputer_mean,SimpleImputer_mode,ClusterCentroids,Test-Kappa,0.8653830632858068
KNN,SimpleImputer_mean,SimpleImputer_mode,ClusterCentroids,Test-Kappa,0.9329956251439098
SVM,SimpleImputer_mean,SimpleImputer_mode,ClusterCentroids,Test-Kappa,0.9524639883172374
LogisticRegression,KNNImptuer,SimpleImputer_mode,SMOTE,Test-Kappa,0.9513164981994222
DecisionTree,KNNImptuer,SimpleImputer_mode,SMOTE,Test-Kappa,0.951888061603646
NaiveBayes,KNNImptuer,SimpleImputer_mode,SMOTE,Test-Kappa,0.8757338577532768
KNN,KNNImptuer,SimpleImputer_mode,SMOTE,Test-Kappa,0.9375670866608754
SVM,KNNImptuer,SimpleImputer_mode,SMOTE,Test-Kappa,0.9536055080542303
LogisticRegression,KNNImptuer,SimpleImputer_mode,ADASYN,Test-Kappa,0.9513164981994222
DecisionTree,KNNImptuer,SimpleImputer_mode,ADASYN,Test-Kappa,0.9536071821511681
NaiveBayes,KNNImptuer,SimpleImputer_mode,ADASYN,Test-Kappa,0.8757338577532768
KNN,KNNImptuer,SimpleImputer_mode,ADASYN,Test-Kappa,0.9375670866608754
SVM,KNNImptuer,SimpleImputer_mode,ADASYN,Test-Kappa,0.9536055080542303
LogisticRegression,KNNImptuer,SimpleImputer_mode,OriginalData,Test-Kappa,0.9513164981994222
DecisionTree,KNNImptuer,SimpleImputer_mode,OriginalData,Test-Kappa,0.9558980408314296
NaiveBayes,KNNImptuer,SimpleImputer_mode,OriginalData,Test-Kappa,0.8757338577532768
KNN,KNNImptuer,SimpleImputer_mode,OriginalData,Test-Kappa,0.9375670866608754
SVM,KNNImptuer,SimpleImputer_mode,OriginalData,Test-Kappa,0.9536055080542303
LogisticRegression,KNNImptuer,SimpleImputer_mode,ClusterCentroids,Test-Kappa,0.946734871014661
DecisionTree,KNNImptuer,SimpleImputer_mode,ClusterCentroids,Test-Kappa,0.9404336393267096
NaiveBayes,KNNImptuer,SimpleImputer_mode,ClusterCentroids,Test-Kappa,0.8682485502025583
KNN,KNNImptuer,SimpleImputer_mode,ClusterCentroids,Test-Kappa,0.9289858381025105
SVM,KNNImptuer,SimpleImputer_mode,ClusterCentroids,Test-Kappa,0.9536096169855993
LogisticRegression,SimpleImputer_mean,SimpleImputer_mode,SMOTE,Test-TP,1717.0
DecisionTree,SimpleImputer_mean,SimpleImputer_mode,SMOTE,Test-TP,1714.0
NaiveBayes,SimpleImputer_mean,SimpleImputer_mode,SMOTE,Test-TP,1621.0
KNN,SimpleImputer_mean,SimpleImputer_mode,SMOTE,Test-TP,1724.0
SVM,SimpleImputer_mean,SimpleImputer_mode,SMOTE,Test-TP,1735.0
LogisticRegression,SimpleImputer_mean,SimpleImputer_mode,ADASYN,Test-TP,1717.0
DecisionTree,SimpleImputer_mean,SimpleImputer_mode,ADASYN,Test-TP,1715.0
NaiveBayes,SimpleImputer_mean,SimpleImputer_mode,ADASYN,Test-TP,1621.0
KNN,SimpleImputer_mean,SimpleImputer_mode,ADASYN,Test-TP,1724.0
SVM,SimpleImputer_mean,SimpleImputer_mode,ADASYN,Test-TP,1735.0
LogisticRegression,SimpleImputer_mean,SimpleImputer_mode,OriginalData,Test-TP,1717.0
DecisionTree,SimpleImputer_mean,SimpleImputer_mode,OriginalData,Test-TP,1714.0
NaiveBayes,SimpleImputer_mean,SimpleImputer_mode,OriginalData,Test-TP,1621.0
KNN,SimpleImputer_mean,SimpleImputer_mode,OriginalData,Test-TP,1724.0
SVM,SimpleImputer_mean,SimpleImputer_mode,OriginalData,Test-TP,1735.0
LogisticRegression,SimpleImputer_mean,SimpleImputer_mode,ClusterCentroids,Test-TP,1696.0
DecisionTree,SimpleImputer_mean,SimpleImputer_mode,ClusterCentroids,Test-TP,1679.0
NaiveBayes,SimpleImputer_mean,SimpleImputer_mode,ClusterCentroids,Test-TP,1581.0
KNN,SimpleImputer_mean,SimpleImputer_mode,ClusterCentroids,Test-TP,1707.0
SVM,SimpleImputer_mean,SimpleImputer_mode,ClusterCentroids,Test-TP,1708.0
LogisticRegression,KNNImptuer,SimpleImputer_mode,SMOTE,Test-TP,1711.0
DecisionTree,KNNImptuer,SimpleImputer_mode,SMOTE,Test-TP,1719.0
NaiveBayes,KNNImptuer,SimpleImputer_mode,SMOTE,Test-TP,1596.0
KNN,KNNImptuer,SimpleImputer_mode,SMOTE,Test-TP,1716.0
SVM,KNNImptuer,SimpleImputer_mode,SMOTE,Test-TP,1726.0
LogisticRegression,KNNImptuer,SimpleImputer_mode,ADASYN,Test-TP,1711.0
DecisionTree,KNNImptuer,SimpleImputer_mode,ADASYN,Test-TP,1715.0
NaiveBayes,KNNImptuer,SimpleImputer_mode,ADASYN,Test-TP,1596.0
KNN,KNNImptuer,SimpleImputer_mode,ADASYN,Test-TP,1716.0
SVM,KNNImptuer,SimpleImputer_mode,ADASYN,Test-TP,1726.0
LogisticRegression,KNNImptuer,SimpleImputer_mode,OriginalData,Test-TP,1711.0
DecisionTree,KNNImptuer,SimpleImputer_mode,OriginalData,Test-TP,1718.0
NaiveBayes,KNNImptuer,SimpleImputer_mode,OriginalData,Test-TP,1596.0
KNN,KNNImptuer,SimpleImputer_mode,OriginalData,Test-TP,1716.0
SVM,KNNImptuer,SimpleImputer_mode,OriginalData,Test-TP,1726.0
LogisticRegression,KNNImptuer,SimpleImputer_mode,ClusterCentroids,Test-TP,1694.0
DecisionTree,KNNImptuer,SimpleImputer_mode,ClusterCentroids,Test-TP,1684.0
NaiveBayes,KNNImptuer,SimpleImputer_mode,ClusterCentroids,Test-TP,1586.0
KNN,KNNImptuer,SimpleImputer_mode,ClusterCentroids,Test-TP,1700.0
SVM,KNNImptuer,SimpleImputer_mode,ClusterCentroids,Test-TP,1710.0
LogisticRegression,SimpleImputer_mean,SimpleImputer_mode,SMOTE,Test-FP,46.0
DecisionTree,SimpleImputer_mean,SimpleImputer_mode,SMOTE,Test-FP,60.0
NaiveBayes,SimpleImputer_mean,SimpleImputer_mode,SMOTE,Test-FP,62.0
KNN,SimpleImputer_mean,SimpleImputer_mode,SMOTE,Test-FP,72.0
SVM,SimpleImputer_mean,SimpleImputer_mode,SMOTE,Test-FP,59.0
LogisticRegression,SimpleImputer_mean,SimpleImputer_mode,ADASYN,Test-FP,46.0
DecisionTree,SimpleImputer_mean,SimpleImputer_mode,ADASYN,Test-FP,61.0
NaiveBayes,SimpleImputer_mean,SimpleImputer_mode,ADASYN,Test-FP,62.0
KNN,SimpleImputer_mean,SimpleImputer_mode,ADASYN,Test-FP,72.0
SVM,SimpleImputer_mean,SimpleImputer_mode,ADASYN,Test-FP,59.0
LogisticRegression,SimpleImputer_mean,SimpleImputer_mode,OriginalData,Test-FP,46.0
DecisionTree,SimpleImputer_mean,SimpleImputer_mode,OriginalData,Test-FP,55.0
NaiveBayes,SimpleImputer_mean,SimpleImputer_mode,OriginalData,Test-FP,62.0
KNN,SimpleImputer_mean,SimpleImputer_mode,OriginalData,Test-FP,72.0
SVM,SimpleImputer_mean,SimpleImputer_mode,OriginalData,Test-FP,59.0
LogisticRegression,SimpleImputer_mean,SimpleImputer_mode,ClusterCentroids,Test-FP,48.0
DecisionTree,SimpleImputer_mean,SimpleImputer_mode,ClusterCentroids,Test-FP,50.0
NaiveBayes,SimpleImputer_mean,SimpleImputer_mode,ClusterCentroids,Test-FP,76.0
KNN,SimpleImputer_mean,SimpleImputer_mode,ClusterCentroids,Test-FP,84.0
SVM,SimpleImputer_mean,SimpleImputer_mode,ClusterCentroids,Test-FP,51.0
LogisticRegression,KNNImptuer,SimpleImputer_mode,SMOTE,Test-FP,45.0
DecisionTree,KNNImptuer,SimpleImputer_mode,SMOTE,Test-FP,52.0
NaiveBayes,KNNImptuer,SimpleImputer_mode,SMOTE,Test-FP,62.0
KNN,KNNImptuer,SimpleImputer_mode,SMOTE,Test-FP,74.0
SVM,KNNImptuer,SimpleImputer_mode,SMOTE,Test-FP,56.0
LogisticRegression,KNNImptuer,SimpleImputer_mode,ADASYN,Test-FP,45.0
DecisionTree,KNNImptuer,SimpleImputer_mode,ADASYN,Test-FP,45.0
NaiveBayes,KNNImptuer,SimpleImputer_mode,ADASYN,Test-FP,62.0
KNN,KNNImptuer,SimpleImputer_mode,ADASYN,Test-FP,74.0
SVM,KNNImptuer,SimpleImputer_mode,ADASYN,Test-FP,56.0
LogisticRegression,KNNImptuer,SimpleImputer_mode,OriginalData,Test-FP,45.0
DecisionTree,KNNImptuer,SimpleImputer_mode,OriginalData,Test-FP,44.0
NaiveBayes,KNNImptuer,SimpleImputer_mode,OriginalData,Test-FP,62.0
KNN,KNNImptuer,SimpleImputer_mode,OriginalData,Test-FP,74.0
SVM,KNNImptuer,SimpleImputer_mode,OriginalData,Test-FP,56.0
LogisticRegression,KNNImptuer,SimpleImputer_mode,ClusterCentroids,Test-FP,47.0
DecisionTree,KNNImptuer,SimpleImputer_mode,ClusterCentroids,Test-FP,48.0
NaiveBayes,KNNImptuer,SimpleImputer_mode,ClusterCentroids,Test-FP,76.0
KNN,KNNImptuer,SimpleImputer_mode,ClusterCentroids,Test-FP,84.0
SVM,KNNImptuer,SimpleImputer_mode,ClusterCentroids,Test-FP,51.0
LogisticRegression,SimpleImputer_mean,SimpleImputer_mode,SMOTE,Test-TN,1695.0
DecisionTree,SimpleImputer_mean,SimpleImputer_mode,SMOTE,Test-TN,1681.0
NaiveBayes,SimpleImputer_mean,SimpleImputer_mode,SMOTE,Test-TN,1679.0
KNN,SimpleImputer_mean,SimpleImputer_mode,SMOTE,Test-TN,1669.0
SVM,SimpleImputer_mean,SimpleImputer_mode,SMOTE,Test-TN,1682.0
LogisticRegression,SimpleImputer_mean,SimpleImputer_mode,ADASYN,Test-TN,1695.0
DecisionTree,SimpleImputer_mean,SimpleImputer_mode,ADASYN,Test-TN,1680.0
NaiveBayes,SimpleImputer_mean,SimpleImputer_mode,ADASYN,Test-TN,1679.0
KNN,SimpleImputer_mean,SimpleImputer_mode,ADASYN,Test-TN,1669.0
SVM,SimpleImputer_mean,SimpleImputer_mode,ADASYN,Test-TN,1682.0
LogisticRegression,SimpleImputer_mean,SimpleImputer_mode,OriginalData,Test-TN,1695.0
DecisionTree,SimpleImputer_mean,SimpleImputer_mode,OriginalData,Test-TN,1686.0
NaiveBayes,SimpleImputer_mean,SimpleImputer_mode,OriginalData,Test-TN,1679.0
KNN,SimpleImputer_mean,SimpleImputer_mode,OriginalData,Test-TN,1669.0
SVM,SimpleImputer_mean,SimpleImputer_mode,OriginalData,Test-TN,1682.0
LogisticRegression,SimpleImputer_mean,SimpleImputer_mode,ClusterCentroids,Test-TN,1704.0
DecisionTree,SimpleImputer_mean,SimpleImputer_mode,ClusterCentroids,Test-TN,1702.0
NaiveBayes,SimpleImputer_mean,SimpleImputer_mode,ClusterCentroids,Test-TN,1676.0
KNN,SimpleImputer_mean,SimpleImputer_mode,ClusterCentroids,Test-TN,1668.0
SVM,SimpleImputer_mean,SimpleImputer_mode,ClusterCentroids,Test-TN,1701.0
LogisticRegression,KNNImptuer,SimpleImputer_mode,SMOTE,Test-TN,1696.0
DecisionTree,KNNImptuer,SimpleImputer_mode,SMOTE,Test-TN,1689.0
NaiveBayes,KNNImptuer,SimpleImputer_mode,SMOTE,Test-TN,1679.0
KNN,KNNImptuer,SimpleImputer_mode,SMOTE,Test-TN,1667.0
SVM,KNNImptuer,SimpleImputer_mode,SMOTE,Test-TN,1685.0
LogisticRegression,KNNImptuer,SimpleImputer_mode,ADASYN,Test-TN,1696.0
DecisionTree,KNNImptuer,SimpleImputer_mode,ADASYN,Test-TN,1696.0
NaiveBayes,KNNImptuer,SimpleImputer_mode,ADASYN,Test-TN,1679.0
KNN,KNNImptuer,SimpleImputer_mode,ADASYN,Test-TN,1667.0
SVM,KNNImptuer,SimpleImputer_mode,ADASYN,Test-TN,1685.0
LogisticRegression,KNNImptuer,SimpleImputer_mode,OriginalData,Test-TN,1696.0
DecisionTree,KNNImptuer,SimpleImputer_mode,OriginalData,Test-TN,1697.0
NaiveBayes,KNNImptuer,SimpleImputer_mode,OriginalData,Test-TN,1679.0
KNN,KNNImptuer,SimpleImputer_mode,OriginalData,Test-TN,1667.0
SVM,KNNImptuer,SimpleImputer_mode,OriginalData,Test-TN,1685.0
LogisticRegression,KNNImptuer,SimpleImputer_mode,ClusterCentroids,Test-TN,1705.0
DecisionTree,KNNImptuer,SimpleImputer_mode,ClusterCentroids,Test-TN,1704.0
NaiveBayes,KNNImptuer,SimpleImputer_mode,ClusterCentroids,Test-TN,1676.0
KNN,KNNImptuer,SimpleImputer_mode,ClusterCentroids,Test-TN,1668.0
SVM,KNNImptuer,SimpleImputer_mode,ClusterCentroids,Test-TN,1701.0
LogisticRegression,SimpleImputer_mean,SimpleImputer_mode,SMOTE,Test-FN,34.0
DecisionTree,SimpleImputer_mean,SimpleImputer_mode,SMOTE,Test-FN,37.0
NaiveBayes,SimpleImputer_mean,SimpleImputer_mode,SMOTE,Test-FN,130.0
KNN,SimpleImputer_mean,SimpleImputer_mode,SMOTE,Test-FN,27.0
SVM,SimpleImputer_mean,SimpleImputer_mode,SMOTE,Test-FN,16.0
LogisticRegression,SimpleImputer_mean,SimpleImputer_mode,ADASYN,Test-FN,34.0
DecisionTree,SimpleImputer_mean,SimpleImputer_mode,ADASYN,Test-FN,36.0
NaiveBayes,SimpleImputer_mean,SimpleImputer_mode,ADASYN,Test-FN,130.0
KNN,SimpleImputer_mean,SimpleImputer_mode,ADASYN,Test-FN,27.0
SVM,SimpleImputer_mean,SimpleImputer_mode,ADASYN,Test-FN,16.0
LogisticRegression,SimpleImputer_mean,SimpleImputer_mode,OriginalData,Test-FN,34.0
DecisionTree,SimpleImputer_mean,SimpleImputer_mode,OriginalData,Test-FN,37.0
NaiveBayes,SimpleImputer_mean,SimpleImputer_mode,OriginalData,Test-FN,130.0
KNN,SimpleImputer_mean,SimpleImputer_mode,OriginalData,Test-FN,27.0
SVM,SimpleImputer_mean,SimpleImputer_mode,OriginalData,Test-FN,16.0
LogisticRegression,SimpleImputer_mean,SimpleImputer_mode,ClusterCentroids,Test-FN,44.0
DecisionTree,SimpleImputer_mean,SimpleImputer_mode,ClusterCentroids,Test-FN,61.0
NaiveBayes,SimpleImputer_mean,SimpleImputer_mode,ClusterCentroids,Test-FN,159.0
KNN,SimpleImputer_mean,SimpleImputer_mode,ClusterCentroids,Test-FN,33.0
SVM,SimpleImputer_mean,SimpleImputer_mode,ClusterCentroids,Test-FN,32.0
LogisticRegression,KNNImptuer,SimpleImputer_mode,SMOTE,Test-FN,40.0
DecisionTree,KNNImptuer,SimpleImputer_mode,SMOTE,Test-FN,32.0
NaiveBayes,KNNImptuer,SimpleImputer_mode,SMOTE,Test-FN,155.0
KNN,KNNImptuer,SimpleImputer_mode,SMOTE,Test-FN,35.0
SVM,KNNImptuer,SimpleImputer_mode,SMOTE,Test-FN,25.0
LogisticRegression,KNNImptuer,SimpleImputer_mode,ADASYN,Test-FN,40.0
DecisionTree,KNNImptuer,SimpleImputer_mode,ADASYN,Test-FN,36.0
NaiveBayes,KNNImptuer,SimpleImputer_mode,ADASYN,Test-FN,155.0
KNN,KNNImptuer,SimpleImputer_mode,ADASYN,Test-FN,35.0
SVM,KNNImptuer,SimpleImputer_mode,ADASYN,Test-FN,25.0
LogisticRegression,KNNImptuer,SimpleImputer_mode,OriginalData,Test-FN,40.0
DecisionTree,KNNImptuer,SimpleImputer_mode,OriginalData,Test-FN,33.0
NaiveBayes,KNNImptuer,SimpleImputer_mode,OriginalData,Test-FN,155.0
KNN,KNNImptuer,SimpleImputer_mode,OriginalData,Test-FN,35.0
SVM,KNNImptuer,SimpleImputer_mode,OriginalData,Test-FN,25.0
LogisticRegression,KNNImptuer,SimpleImputer_mode,ClusterCentroids,Test-FN,46.0
DecisionTree,KNNImptuer,SimpleImputer_mode,ClusterCentroids,Test-FN,56.0
NaiveBayes,KNNImptuer,SimpleImputer_mode,ClusterCentroids,Test-FN,154.0
KNN,KNNImptuer,SimpleImputer_mode,ClusterCentroids,Test-FN,40.0
SVM,KNNImptuer,SimpleImputer_mode,ClusterCentroids,Test-FN,30.0
LogisticRegression,SimpleImputer_mean,SimpleImputer_mode,SMOTE,Test-Recall,0.9805825242718447
DecisionTree,SimpleImputer_mean,SimpleImputer_mode,SMOTE,Test-Recall,0.9788692175899486
NaiveBayes,SimpleImputer_mean,SimpleImputer_mode,SMOTE,Test-Recall,0.9257567104511708
KNN,SimpleImputer_mean,SimpleImputer_mode,SMOTE,Test-Recall,0.9845802398629354
SVM,SimpleImputer_mean,SimpleImputer_mode,SMOTE,Test-Recall,0.9908623643632211
LogisticRegression,SimpleImputer_mean,SimpleImputer_mode,ADASYN,Test-Recall,0.9805825242718447
DecisionTree,SimpleImputer_mean,SimpleImputer_mode,ADASYN,Test-Recall,0.9794403198172473
NaiveBayes,SimpleImputer_mean,SimpleImputer_mode,ADASYN,Test-Recall,0.9257567104511708
KNN,SimpleImputer_mean,SimpleImputer_mode,ADASYN,Test-Recall,0.9845802398629354
SVM,SimpleImputer_mean,SimpleImputer_mode,ADASYN,Test-Recall,0.9908623643632211
LogisticRegression,SimpleImputer_mean,SimpleImputer_mode,OriginalData,Test-Recall,0.9805825242718447
DecisionTree,SimpleImputer_mean,SimpleImputer_mode,OriginalData,Test-Recall,0.9788692175899486
NaiveBayes,SimpleImputer_mean,SimpleImputer_mode,OriginalData,Test-Recall,0.9257567104511708
KNN,SimpleImputer_mean,SimpleImputer_mode,OriginalData,Test-Recall,0.9845802398629354
SVM,SimpleImputer_mean,SimpleImputer_mode,OriginalData,Test-Recall,0.9908623643632211
LogisticRegression,SimpleImputer_mean,SimpleImputer_mode,ClusterCentroids,Test-Recall,0.9747126436781609
DecisionTree,SimpleImputer_mean,SimpleImputer_mode,ClusterCentroids,Test-Recall,0.9649425287356321
NaiveBayes,SimpleImputer_mean,SimpleImputer_mode,ClusterCentroids,Test-Recall,0.9086206896551724
KNN,SimpleImputer_mean,SimpleImputer_mode,ClusterCentroids,Test-Recall,0.9810344827586207
SVM,SimpleImputer_mean,SimpleImputer_mode,ClusterCentroids,Test-Recall,0.9816091954022989
LogisticRegression,KNNImptuer,SimpleImputer_mode,SMOTE,Test-Recall,0.9771559109080525
DecisionTree,KNNImptuer,SimpleImputer_mode,SMOTE,Test-Recall,0.981724728726442
NaiveBayes,KNNImptuer,SimpleImputer_mode,SMOTE,Test-Recall,0.9114791547687036
KNN,KNNImptuer,SimpleImputer_mode,SMOTE,Test-Recall,0.9800114220445459
SVM,KNNImptuer,SimpleImputer_mode,SMOTE,Test-Recall,0.9857224443175329
LogisticRegression,KNNImptuer,SimpleImputer_mode,ADASYN,Test-Recall,0.9771559109080525
DecisionTree,KNNImptuer,SimpleImputer_mode,ADASYN,Test-Recall,0.9794403198172473
NaiveBayes,KNNImptuer,SimpleImputer_mode,ADASYN,Test-Recall,0.9114791547687036
KNN,KNNImptuer,SimpleImputer_mode,ADASYN,Test-Recall,0.9800114220445459
SVM,KNNImptuer,SimpleImputer_mode,ADASYN,Test-Recall,0.9857224443175329
LogisticRegression,KNNImptuer,SimpleImputer_mode,OriginalData,Test-Recall,0.9771559109080525
DecisionTree,KNNImptuer,SimpleImputer_mode,OriginalData,Test-Recall,0.9811536264991434
NaiveBayes,KNNImptuer,SimpleImputer_mode,OriginalData,Test-Recall,0.9114791547687036
KNN,KNNImptuer,SimpleImputer_mode,OriginalData,Test-Recall,0.9800114220445459
SVM,KNNImptuer,SimpleImputer_mode,OriginalData,Test-Recall,0.9857224443175329
LogisticRegression,KNNImptuer,SimpleImputer_mode,ClusterCentroids,Test-Recall,0.9735632183908046
DecisionTree,KNNImptuer,SimpleImputer_mode,ClusterCentroids,Test-Recall,0.967816091954023
NaiveBayes,KNNImptuer,SimpleImputer_mode,ClusterCentroids,Test-Recall,0.9114942528735632
KNN,KNNImptuer,SimpleImputer_mode,ClusterCentroids,Test-Recall,0.9770114942528736
SVM,KNNImptuer,SimpleImputer_mode,ClusterCentroids,Test-Recall,0.9827586206896551
LogisticRegression,SimpleImputer_mean,SimpleImputer_mode,SMOTE,Test-Precision,0.973908111174135
DecisionTree,SimpleImputer_mean,SimpleImputer_mode,SMOTE,Test-Precision,0.9661781285231116
NaiveBayes,SimpleImputer_mean,SimpleImputer_mode,SMOTE,Test-Precision,0.9631610219845514
KNN,SimpleImputer_mean,SimpleImputer_mode,SMOTE,Test-Precision,0.9599109131403119
SVM,SimpleImputer_mean,SimpleImputer_mode,SMOTE,Test-Precision,0.9671125975473801
LogisticRegression,SimpleImputer_mean,SimpleImputer_mode,ADASYN,Test-Precision,0.973908111174135
DecisionTree,SimpleImputer_mean,SimpleImputer_mode,ADASYN,Test-Precision,0.9656531531531531
NaiveBayes,SimpleImputer_mean,SimpleImputer_mode,ADASYN,Test-Precision,0.9631610219845514
KNN,SimpleImputer_mean,SimpleImputer_mode,ADASYN,Test-Precision,0.9599109131403119
SVM,SimpleImputer_mean,SimpleImputer_mode,ADASYN,Test-Precision,0.9671125975473801
LogisticRegression,SimpleImputer_mean,SimpleImputer_mode,OriginalData,Test-Precision,0.973908111174135
DecisionTree,SimpleImputer_mean,SimpleImputer_mode,OriginalData,Test-Precision,0.9689089881288864
NaiveBayes,SimpleImputer_mean,SimpleImputer_mode,OriginalData,Test-Precision,0.9631610219845514
KNN,SimpleImputer_mean,SimpleImputer_mode,OriginalData,Test-Precision,0.9599109131403119
SVM,SimpleImputer_mean,SimpleImputer_mode,OriginalData,Test-Precision,0.9671125975473801
LogisticRegression,SimpleImputer_mean,SimpleImputer_mode,ClusterCentroids,Test-Precision,0.9724770642201835
DecisionTree,SimpleImputer_mean,SimpleImputer_mode,ClusterCentroids,Test-Precision,0.9710815500289185
NaiveBayes,SimpleImputer_mean,SimpleImputer_mode,ClusterCentroids,Test-Precision,0.9541339770669885
KNN,SimpleImputer_mean,SimpleImputer_mode,ClusterCentroids,Test-Precision,0.9530988274706867
SVM,SimpleImputer_mean,SimpleImputer_mode,ClusterCentroids,Test-Precision,0.9710062535531552
LogisticRegression,KNNImptuer,SimpleImputer_mode,SMOTE,Test-Precision,0.974373576309795
DecisionTree,KNNImptuer,SimpleImputer_mode,SMOTE,Test-Precision,0.9706380575945793
NaiveBayes,KNNImptuer,SimpleImputer_mode,SMOTE,Test-Precision,0.962605548854041
KNN,KNNImptuer,SimpleImputer_mode,SMOTE,Test-Precision,0.958659217877095
SVM,KNNImptuer,SimpleImputer_mode,SMOTE,Test-Precision,0.9685746352413019
LogisticRegression,KNNImptuer,SimpleImputer_mode,ADASYN,Test-Precision,0.974373576309795
DecisionTree,KNNImptuer,SimpleImputer_mode,ADASYN,Test-Precision,0.9744318181818182
NaiveBayes,KNNImptuer,SimpleImputer_mode,ADASYN,Test-Precision,0.962605548854041
KNN,KNNImptuer,SimpleImputer_mode,ADASYN,Test-Precision,0.958659217877095
SVM,KNNImptuer,SimpleImputer_mode,ADASYN,Test-Precision,0.9685746352413019
LogisticRegression,KNNImptuer,SimpleImputer_mode,OriginalData,Test-Precision,0.974373576309795
DecisionTree,KNNImptuer,SimpleImputer_mode,OriginalData,Test-Precision,0.9750283768444948
NaiveBayes,KNNImptuer,SimpleImputer_mode,OriginalData,Test-Precision,0.962605548854041
KNN,KNNImptuer,SimpleImputer_mode,OriginalData,Test-Precision,0.958659217877095
SVM,KNNImptuer,SimpleImputer_mode,OriginalData,Test-Precision,0.9685746352413019
LogisticRegression,KNNImptuer,SimpleImputer_mode,ClusterCentroids,Test-Precision,0.9730040206777714
DecisionTree,KNNImptuer,SimpleImputer_mode,ClusterCentroids,Test-Precision,0.9722863741339491
NaiveBayes,KNNImptuer,SimpleImputer_mode,ClusterCentroids,Test-Precision,0.9542719614921781
KNN,KNNImptuer,SimpleImputer_mode,ClusterCentroids,Test-Precision,0.952914798206278
SVM,KNNImptuer,SimpleImputer_mode,ClusterCentroids,Test-Precision,0.9710391822827938
LogisticRegression,SimpleImputer_mean,SimpleImputer_mode,SMOTE,Test-FalseNegativeRate,0.02
DecisionTree,SimpleImputer_mean,SimpleImputer_mode,SMOTE,Test-FalseNegativeRate,0.02
NaiveBayes,SimpleImputer_mean,SimpleImputer_mode,SMOTE,Test-FalseNegativeRate,0.07
KNN,SimpleImputer_mean,SimpleImputer_mode,SMOTE,Test-FalseNegativeRate,0.02
SVM,SimpleImputer_mean,SimpleImputer_mode,SMOTE,Test-FalseNegativeRate,0.01
LogisticRegression,SimpleImputer_mean,SimpleImputer_mode,ADASYN,Test-FalseNegativeRate,0.02
DecisionTree,SimpleImputer_mean,SimpleImputer_mode,ADASYN,Test-FalseNegativeRate,0.02
NaiveBayes,SimpleImputer_mean,SimpleImputer_mode,ADASYN,Test-FalseNegativeRate,0.07
KNN,SimpleImputer_mean,SimpleImputer_mode,ADASYN,Test-FalseNegativeRate,0.02
SVM,SimpleImputer_mean,SimpleImputer_mode,ADASYN,Test-FalseNegativeRate,0.01
LogisticRegression,SimpleImputer_mean,SimpleImputer_mode,OriginalData,Test-FalseNegativeRate,0.02
DecisionTree,SimpleImputer_mean,SimpleImputer_mode,OriginalData,Test-FalseNegativeRate,0.02
NaiveBayes,SimpleImputer_mean,SimpleImputer_mode,OriginalData,Test-FalseNegativeRate,0.07
KNN,SimpleImputer_mean,SimpleImputer_mode,OriginalData,Test-FalseNegativeRate,0.02
SVM,SimpleImputer_mean,SimpleImputer_mode,OriginalData,Test-FalseNegativeRate,0.01
LogisticRegression,SimpleImputer_mean,SimpleImputer_mode,ClusterCentroids,Test-FalseNegativeRate,0.03
DecisionTree,SimpleImputer_mean,SimpleImputer_mode,ClusterCentroids,Test-FalseNegativeRate,0.04
NaiveBayes,SimpleImputer_mean,SimpleImputer_mode,ClusterCentroids,Test-FalseNegativeRate,0.09
KNN,SimpleImputer_mean,SimpleImputer_mode,ClusterCentroids,Test-FalseNegativeRate,0.02
SVM,SimpleImputer_mean,SimpleImputer_mode,ClusterCentroids,Test-FalseNegativeRate,0.02
LogisticRegression,KNNImptuer,SimpleImputer_mode,SMOTE,Test-FalseNegativeRate,0.02
DecisionTree,KNNImptuer,SimpleImputer_mode,SMOTE,Test-FalseNegativeRate,0.02
NaiveBayes,KNNImptuer,SimpleImputer_mode,SMOTE,Test-FalseNegativeRate,0.09
KNN,KNNImptuer,SimpleImputer_mode,SMOTE,Test-FalseNegativeRate,0.02
SVM,KNNImptuer,SimpleImputer_mode,SMOTE,Test-FalseNegativeRate,0.01
LogisticRegression,KNNImptuer,SimpleImputer_mode,ADASYN,Test-FalseNegativeRate,0.02
DecisionTree,KNNImptuer,SimpleImputer_mode,ADASYN,Test-FalseNegativeRate,0.02
NaiveBayes,KNNImptuer,SimpleImputer_mode,ADASYN,Test-FalseNegativeRate,0.09
KNN,KNNImptuer,SimpleImputer_mode,ADASYN,Test-FalseNegativeRate,0.02
SVM,KNNImptuer,SimpleImputer_mode,ADASYN,Test-FalseNegativeRate,0.01
LogisticRegression,KNNImptuer,SimpleImputer_mode,OriginalData,Test-FalseNegativeRate,0.02
DecisionTree,KNNImptuer,SimpleImputer_mode,OriginalData,Test-FalseNegativeRate,0.02
NaiveBayes,KNNImptuer,SimpleImputer_mode,OriginalData,Test-FalseNegativeRate,0.09
KNN,KNNImptuer,SimpleImputer_mode,OriginalData,Test-FalseNegativeRate,0.02
SVM,KNNImptuer,SimpleImputer_mode,OriginalData,Test-FalseNegativeRate,0.01
LogisticRegression,KNNImptuer,SimpleImputer_mode,ClusterCentroids,Test-FalseNegativeRate,0.03
DecisionTree,KNNImptuer,SimpleImputer_mode,ClusterCentroids,Test-FalseNegativeRate,0.03
NaiveBayes,KNNImptuer,SimpleImputer_mode,ClusterCentroids,Test-FalseNegativeRate,0.09
KNN,KNNImptuer,SimpleImputer_mode,ClusterCentroids,Test-FalseNegativeRate,0.02
SVM,KNNImptuer,SimpleImputer_mode,ClusterCentroids,Test-FalseNegativeRate,0.02
LogisticRegression,SimpleImputer_mean,SimpleImputer_mode,SMOTE,Test-FalsePositiveRate,0.03
DecisionTree,SimpleImputer_mean,SimpleImputer_mode,SMOTE,Test-FalsePositiveRate,0.03
NaiveBayes,SimpleImputer_mean,SimpleImputer_mode,SMOTE,Test-FalsePositiveRate,0.04
KNN,SimpleImputer_mean,SimpleImputer_mode,SMOTE,Test-FalsePositiveRate,0.04
SVM,SimpleImputer_mean,SimpleImputer_mode,SMOTE,Test-FalsePositiveRate,0.03
LogisticRegression,SimpleImputer_mean,SimpleImputer_mode,ADASYN,Test-FalsePositiveRate,0.03
DecisionTree,SimpleImputer_mean,SimpleImputer_mode,ADASYN,Test-FalsePositiveRate,0.04
NaiveBayes,SimpleImputer_mean,SimpleImputer_mode,ADASYN,Test-FalsePositiveRate,0.04
KNN,SimpleImputer_mean,SimpleImputer_mode,ADASYN,Test-FalsePositiveRate,0.04
SVM,SimpleImputer_mean,SimpleImputer_mode,ADASYN,Test-FalsePositiveRate,0.03
LogisticRegression,SimpleImputer_mean,SimpleImputer_mode,OriginalData,Test-FalsePositiveRate,0.03
DecisionTree,SimpleImputer_mean,SimpleImputer_mode,OriginalData,Test-FalsePositiveRate,0.03
NaiveBayes,SimpleImputer_mean,SimpleImputer_mode,OriginalData,Test-FalsePositiveRate,0.04
KNN,SimpleImputer_mean,SimpleImputer_mode,OriginalData,Test-FalsePositiveRate,0.04
SVM,SimpleImputer_mean,SimpleImputer_mode,OriginalData,Test-FalsePositiveRate,0.03
LogisticRegression,SimpleImputer_mean,SimpleImputer_mode,ClusterCentroids,Test-FalsePositiveRate,0.03
DecisionTree,SimpleImputer_mean,SimpleImputer_mode,ClusterCentroids,Test-FalsePositiveRate,0.03
NaiveBayes,SimpleImputer_mean,SimpleImputer_mode,ClusterCentroids,Test-FalsePositiveRate,0.04
KNN,SimpleImputer_mean,SimpleImputer_mode,ClusterCentroids,Test-FalsePositiveRate,0.05
SVM,SimpleImputer_mean,SimpleImputer_mode,ClusterCentroids,Test-FalsePositiveRate,0.03
LogisticRegression,KNNImptuer,SimpleImputer_mode,SMOTE,Test-FalsePositiveRate,0.03
DecisionTree,KNNImptuer,SimpleImputer_mode,SMOTE,Test-FalsePositiveRate,0.03
NaiveBayes,KNNImptuer,SimpleImputer_mode,SMOTE,Test-FalsePositiveRate,0.04
KNN,KNNImptuer,SimpleImputer_mode,SMOTE,Test-FalsePositiveRate,0.04
SVM,KNNImptuer,SimpleImputer_mode,SMOTE,Test-FalsePositiveRate,0.03
LogisticRegression,KNNImptuer,SimpleImputer_mode,ADASYN,Test-FalsePositiveRate,0.03
DecisionTree,KNNImptuer,SimpleImputer_mode,ADASYN,Test-FalsePositiveRate,0.03
NaiveBayes,KNNImptuer,SimpleImputer_mode,ADASYN,Test-FalsePositiveRate,0.04
KNN,KNNImptuer,SimpleImputer_mode,ADASYN,Test-FalsePositiveRate,0.04
SVM,KNNImptuer,SimpleImputer_mode,ADASYN,Test-FalsePositiveRate,0.03
LogisticRegression,KNNImptuer,SimpleImputer_mode,OriginalData,Test-FalsePositiveRate,0.03
DecisionTree,KNNImptuer,SimpleImputer_mode,OriginalData,Test-FalsePositiveRate,0.03
NaiveBayes,KNNImptuer,SimpleImputer_mode,OriginalData,Test-FalsePositiveRate,0.04
KNN,KNNImptuer,SimpleImputer_mode,OriginalData,Test-FalsePositiveRate,0.04
SVM,KNNImptuer,SimpleImputer_mode,OriginalData,Test-FalsePositiveRate,0.03
LogisticRegression,KNNImptuer,SimpleImputer_mode,ClusterCentroids,Test-FalsePositiveRate,0.03
DecisionTree,KNNImptuer,SimpleImputer_mode,ClusterCentroids,Test-FalsePositiveRate,0.03
NaiveBayes,KNNImptuer,SimpleImputer_mode,ClusterCentroids,Test-FalsePositiveRate,0.04
KNN,KNNImptuer,SimpleImputer_mode,ClusterCentroids,Test-FalsePositiveRate,0.05
SVM,KNNImptuer,SimpleImputer_mode,ClusterCentroids,Test-FalsePositiveRate,0.03
